Giornata;Giorno della Settimana;Data;Ora Inizio;Squadra di Casa;xG Casa;Risultato;xG Trasferta;Squadra Trasferta;Spettatori;Stadio;Arbitro;Link Report
1;Sab;17-08-2024;18:30;Genoa;2.1;2–2;1.9;Inter;33.300;Stadio Comunale Luigi Ferraris;Ermanno Feliciani;https://fbref.com/it/partite/5dd9a8ae/Genoa-Internazionale-17-Agosto-2024-Serie-A
1;Sab;17-08-2024;18:30;Parma;1.7;1–1;0.7;Fiorentina;21.384;Stadio Ennio Tardini;Giovanni Ayroldi;https://fbref.com/it/partite/99186416/Parma-Fiorentina-17-Agosto-2024-Serie-A
1;Sab;17-08-2024;20:45;Milan;2.1;2–2;1.0;Torino;70.742;Stadio Giuseppe Meazza;Fabio Maresca;https://fbref.com/it/partite/6321e075/Milan-Torino-17-Agosto-2024-Serie-A
1;Sab;17-08-2024;20:45;Empoli;0.5;0–0;0.3;Monza;7.746;Stadio Carlo Castellani - Computer Gross...;Michael Fabbri;https://fbref.com/it/partite/e1942888/Empoli-Monza-17-Agosto-2024-Serie-A
1;Dom;18-08-2024;18:30;Hellas Verona;1.7;3–0;1.0;Napoli;20.027;Stadio Marc'Antonio Bentegodi;Matteo Marchetti;https://fbref.com/it/partite/6a1d7fbe/Hellas-Verona-Napoli-18-Agosto-2024-Serie-A
1;Dom;18-08-2024;18:30;Bologna;3.2;1–1;0.9;Udinese;26.418;Stadio Renato Dall'Ara;Maria Sole Ferrieri Caputi;https://fbref.com/it/partite/a538d1ae/Bologna-Udinese-18-Agosto-2024-Serie-A
1;Dom;18-08-2024;20:45;Cagliari;1.0;0–0;0.9;Roma;16.261;Unipol Domus;Livio Marinelli;https://fbref.com/it/partite/8314db9d/Cagliari-Roma-18-Agosto-2024-Serie-A
1;Dom;18-08-2024;20:45;Lazio;2.4;3–1;0.6;Venezia;42.000;Stadio Olimpico;Paride Tremolada;https://fbref.com/it/partite/8c25dfec/Lazio-Venezia-18-Agosto-2024-Serie-A
1;Lun;19-08-2024;18:30;Lecce;1.5;0–4;1.7;Atalanta;28.719;Stadio Comunale Ettore Giardiniero;Davide Massa;https://fbref.com/it/partite/5b248995/Lecce-Atalanta-19-Agosto-2024-Serie-A
1;Lun;19-08-2024;20:45;Juventus;1.2;3–0;0.2;Como;40.696;Allianz Stadium;Matteo Marcenaro;https://fbref.com/it/partite/888690a6/Juventus-Como-19-Agosto-2024-Serie-A
2;Sab;24-08-2024;18:30;Udinese;0.8;2–1;1.3;Lazio;21.636;Bluenergy Stadium;Daniele Doveri;https://fbref.com/it/partite/b6b8cabd/Udinese-Lazio-24-Agosto-2024-Serie-A
2;Sab;24-08-2024;18:30;Parma;1.7;2–1;1.9;Milan;21.808;Stadio Ennio Tardini;Juan Luca Sacchi;https://fbref.com/it/partite/d2885a35/Parma-Milan-24-Agosto-2024-Serie-A
2;Sab;24-08-2024;20:45;Inter;2.4;2–0;0.3;Lecce;70.921;Stadio Giuseppe Meazza;Davide Di Marco;https://fbref.com/it/partite/bf16fd3f/Internazionale-Lecce-24-Agosto-2024-Serie-A
2;Sab;24-08-2024;20:45;Monza;0.4;0–1;0.7;Genoa;10.394;U-Power Stadium;Maurizio Mariani;https://fbref.com/it/partite/d9489d1e/Monza-Genoa-24-Agosto-2024-Serie-A
2;Dom;25-08-2024;18:30;Torino;2.4;2–1;3.0;Atalanta;20.451;Stadio Olimpico Grande Torino;Antonio Rapuano;https://fbref.com/it/partite/324b2f87/Torino-Atalanta-25-Agosto-2024-Serie-A
2;Dom;25-08-2024;18:30;Fiorentina;0.9;0–0;0.6;Venezia;18.915;Stadio Artemio Franchi;Simone Sozza;https://fbref.com/it/partite/cab6fee7/Fiorentina-Venezia-25-Agosto-2024-Serie-A
2;Dom;25-08-2024;20:45;Roma;2.1;1–2;2.7;Empoli;67.517;Stadio Olimpico;Luca Zufferli;https://fbref.com/it/partite/31d64d59/Roma-Empoli-25-Agosto-2024-Serie-A
2;Dom;25-08-2024;20:45;Napoli;2.5;3–0;0.6;Bologna;45.000;Stadio Diego Armando Maradona;Luca Pairetto;https://fbref.com/it/partite/cd189339/Napoli-Bologna-25-Agosto-2024-Serie-A
2;Lun;26-08-2024;18:30;Cagliari;0.8;1–1;1.5;Como;16.365;Unipol Domus;Marco Di Bello;https://fbref.com/it/partite/0948742e/Cagliari-Como-26-Agosto-2024-Serie-A
2;Lun;26-08-2024;20:45;Hellas Verona;0.5;0–3;1.2;Juventus;29.575;Stadio Marc'Antonio Bentegodi;Antonio Giua;https://fbref.com/it/partite/22c07009/Hellas-Verona-Juventus-26-Agosto-2024-Serie-A
3;Ven;30-08-2024;18:30;Venezia;0.8;0–1;1.0;Torino;10.652;Stadio Pier Luigi Penzo;Matteo Marcenaro;https://fbref.com/it/partite/55203d33/Venezia-Torino-30-Agosto-2024-Serie-A
3;Ven;30-08-2024;20:45;Inter;1.3;4–0;1.4;Atalanta;71.745;Stadio Giuseppe Meazza;Matteo Marchetti;https://fbref.com/it/partite/adc30b79/Internazionale-Atalanta-30-Agosto-2024-Serie-A
3;Sab;31-08-2024;18:30;Lecce;1.7;1–0;1.8;Cagliari;26.386;Stadio Comunale Ettore Giardiniero;Michael Fabbri;https://fbref.com/it/partite/25367b4b/Lecce-Cagliari-31-Agosto-2024-Serie-A
3;Sab;31-08-2024;18:30;Bologna;1.3;1–1;1.0;Empoli;25.960;Stadio Renato Dall'Ara;Livio Marinelli;https://fbref.com/it/partite/bd4cd3af/Bologna-Empoli-31-Agosto-2024-Serie-A
3;Sab;31-08-2024;20:45;Lazio;2.1;2–2;1.3;Milan;53.000;Stadio Olimpico;Davide Massa;https://fbref.com/it/partite/105b1a82/Lazio-Milan-31-Agosto-2024-Serie-A
3;Sab;31-08-2024;20:45;Napoli;2.2;2–1;1.7;Parma;50.000;Stadio Diego Armando Maradona;Paride Tremolada;https://fbref.com/it/partite/f6ed3bc4/Napoli-Parma-31-Agosto-2024-Serie-A
3;Dom;01-09-2024;18:30;Fiorentina;2.0;2–2;0.3;Monza;18.376;Stadio Artemio Franchi;Andrea Colombo;https://fbref.com/it/partite/2fc37926/Fiorentina-Monza-1-Settembre-2024-Serie-A
3;Dom;01-09-2024;18:30;Genoa;1.5;0–2;1.5;Hellas Verona;30.747;Stadio Comunale Luigi Ferraris;Giovanni Ayroldi;https://fbref.com/it/partite/aab74d02/Genoa-Hellas-Verona-1-Settembre-2024-Serie-A
3;Dom;01-09-2024;20:45;Udinese;1.0;1–0;1.6;Como;7.020;Bluenergy Stadium;Alessandro Prontera;https://fbref.com/it/partite/24249630/Udinese-Como-1-Settembre-2024-Serie-A
3;Dom;01-09-2024;20:45;Juventus;0.5;0–0;0.3;Roma;41.375;Allianz Stadium;Marco Guida;https://fbref.com/it/partite/6a978d77/Juventus-Roma-1-Settembre-2024-Serie-A
4;Sab;14-09-2024;15:00;Como;1.2;2–2;1.2;Bologna;10.584;Stadio Giuseppe Sinigaglia;Marco Piccinini;https://fbref.com/it/partite/30c9c7af/Como-Bologna-14-Settembre-2024-Serie-A
4;Sab;14-09-2024;18:00;Empoli;0.5;0–0;0.9;Juventus;15.715;Stadio Carlo Castellani - Computer Gross...;Marco Di Bello;https://fbref.com/it/partite/5ede3e48/Empoli-Juventus-14-Settembre-2024-Serie-A
4;Sab;14-09-2024;20:45;Milan;2.2;4–0;0.3;Venezia;71.273;Stadio Giuseppe Meazza;Davide Di Marco;https://fbref.com/it/partite/ec4ceae1/Milan-Venezia-14-Settembre-2024-Serie-A
4;Dom;15-09-2024;12:30;Genoa;1.2;1–1;2.2;Roma;33.009;Stadio Comunale Luigi Ferraris;Antonio Giua;https://fbref.com/it/partite/ad2de1d0/Genoa-Roma-15-Settembre-2024-Serie-A
4;Dom;15-09-2024;15:00;Atalanta;1.7;3–2;1.7;Fiorentina;22.705;Gewiss Stadium;Juan Luca Sacchi;https://fbref.com/it/partite/c69565c7/Atalanta-Fiorentina-15-Settembre-2024-Serie-A
4;Dom;15-09-2024;15:00;Torino;0.4;0–0;1.6;Lecce;24.277;Stadio Olimpico Grande Torino;Andrea Colombo;https://fbref.com/it/partite/dab3859c/Torino-Lecce-15-Settembre-2024-Serie-A
4;Dom;15-09-2024;18:00;Cagliari;1.0;0–4;1.9;Napoli;15.733;Unipol Domus;Federico La Penna;https://fbref.com/it/partite/226b0118/Cagliari-Napoli-15-Settembre-2024-Serie-A
4;Dom;15-09-2024;20:45;Monza;0.2;1–1;1.7;Inter;14.541;U-Power Stadium;Luca Pairetto;https://fbref.com/it/partite/cb14ff92/Monza-Internazionale-15-Settembre-2024-Serie-A
4;Lun;16-09-2024;18:30;Parma;0.8;2–3;2.5;Udinese;17.586;Stadio Ennio Tardini;Rosario Abisso;https://fbref.com/it/partite/580f27c1/Parma-Udinese-16-Settembre-2024-Serie-A
4;Lun;16-09-2024;20:45;Lazio;1.2;2–1;0.8;Hellas Verona;;Stadio Olimpico;Luca Zufferli;https://fbref.com/it/partite/45f09f95/Lazio-Hellas-Verona-16-Settembre-2024-Serie-A
5;Ven;20-09-2024;18:30;Cagliari;2.2;0–2;0.8;Empoli;15.225;Unipol Domus;Simone Sozza;https://fbref.com/it/partite/89a8e948/Cagliari-Empoli-20-Settembre-2024-Serie-A
5;Ven;20-09-2024;20:45;Hellas Verona;0.5;2–3;2.2;Torino;23.000;Stadio Marc'Antonio Bentegodi;Livio Marinelli;https://fbref.com/it/partite/2e904a65/Hellas-Verona-Torino-20-Settembre-2024-Serie-A
5;Sab;21-09-2024;15:00;Venezia;1.7;2–0;0.5;Genoa;10.502;Stadio Pier Luigi Penzo;Matteo Marchetti;https://fbref.com/it/partite/2cd93038/Venezia-Genoa-21-Settembre-2024-Serie-A
5;Sab;21-09-2024;18:00;Juventus;0.3;0–0;0.3;Napoli;40.295;Allianz Stadium;Daniele Doveri;https://fbref.com/it/partite/87a4e1ae/Juventus-Napoli-21-Settembre-2024-Serie-A
5;Sab;21-09-2024;20:45;Lecce;1.5;2–2;2.0;Parma;25.503;Stadio Comunale Ettore Giardiniero;Marco Guida;https://fbref.com/it/partite/8aed6358/Lecce-Parma-21-Settembre-2024-Serie-A
5;Dom;22-09-2024;12:30;Fiorentina;2.7;2–1;1.0;Lazio;19.624;Stadio Artemio Franchi;Matteo Marcenaro;https://fbref.com/it/partite/ad104788/Fiorentina-Lazio-22-Settembre-2024-Serie-A
5;Dom;22-09-2024;15:00;Monza;0.6;1–2;0.8;Bologna;9.991;U-Power Stadium;Davide Massa;https://fbref.com/it/partite/9c510611/Monza-Bologna-22-Settembre-2024-Serie-A
5;Dom;22-09-2024;18:00;Roma;1.9;3–0;0.7;Udinese;63.499;Stadio Olimpico;Ermanno Feliciani;https://fbref.com/it/partite/2c1f7af3/Roma-Udinese-22-Settembre-2024-Serie-A
5;Dom;22-09-2024;20:45;Inter;0.7;1–2;1.7;Milan;75.366;Stadio Giuseppe Meazza;Maurizio Mariani;https://fbref.com/it/partite/5ceec90c/Derby-della-Madonnina-Internazionale-Milan-22-Settembre-2024-Serie-A
5;Mar;24-09-2024;20:45;Atalanta;1.6;2–3;1.1;Como;22.977;Gewiss Stadium;Paride Tremolada;https://fbref.com/it/partite/3e592227/Atalanta-Como-24-Settembre-2024-Serie-A
6;Ven;27-09-2024;20:45;Milan;1.6;3–0;0.5;Lecce;71.103;Stadio Giuseppe Meazza;Luca Zufferli;https://fbref.com/it/partite/6d6624e2/Milan-Lecce-27-Settembre-2024-Serie-A
6;Sab;28-09-2024;15:00;Udinese;0.8;2–3;2.2;Inter;24.611;Bluenergy Stadium;Juan Luca Sacchi;https://fbref.com/it/partite/a87c6b35/Udinese-Internazionale-28-Settembre-2024-Serie-A
6;Sab;28-09-2024;18:00;Genoa;0.4;0–3;2.6;Juventus;26.599;Stadio Comunale Luigi Ferraris;Andrea Colombo;https://fbref.com/it/partite/b21bad0d/Genoa-Juventus-28-Settembre-2024-Serie-A
6;Sab;28-09-2024;20:45;Bologna;0.1;1–1;2.0;Atalanta;27.126;Stadio Renato Dall'Ara;Antonio Rapuano;https://fbref.com/it/partite/5ebd3c92/Bologna-Atalanta-28-Settembre-2024-Serie-A
6;Dom;29-09-2024;12:30;Torino;0.7;2–3;2.0;Lazio;23.130;Stadio Olimpico Grande Torino;Simone Sozza;https://fbref.com/it/partite/caf6a7d2/Torino-Lazio-29-Settembre-2024-Serie-A
6;Dom;29-09-2024;15:00;Como;2.2;3–2;1.1;Hellas Verona;9.000;Stadio Giuseppe Sinigaglia;Antonio Giua;https://fbref.com/it/partite/1b4d793e/Como-Hellas-Verona-29-Settembre-2024-Serie-A
6;Dom;29-09-2024;15:00;Roma;1.7;2–1;1.7;Venezia;62.165;Stadio Olimpico;Rosario Abisso;https://fbref.com/it/partite/ec69829c/Roma-Venezia-29-Settembre-2024-Serie-A
6;Dom;29-09-2024;18:00;Empoli;0.4;0–0;0.7;Fiorentina;13.053;Stadio Carlo Castellani - Computer Gross...;Gianluca Aureliano;https://fbref.com/it/partite/11c1605f/Empoli-Fiorentina-29-Settembre-2024-Serie-A
6;Dom;29-09-2024;20:45;Napoli;1.1;2–0;0.3;Monza;50.000;Stadio Diego Armando Maradona;Gianluca Manganiello;https://fbref.com/it/partite/54f6fa48/Napoli-Monza-29-Settembre-2024-Serie-A
6;Lun;30-09-2024;20:45;Parma;2.4;2–3;2.4;Cagliari;17.718;Stadio Ennio Tardini;Francesco Fourneau;https://fbref.com/it/partite/df2ec112/Parma-Cagliari-30-Settembre-2024-Serie-A
7;Ven;04-10-2024;18:30;Napoli;1.9;3–1;0.4;Como;50.000;Stadio Diego Armando Maradona;Ermanno Feliciani;https://fbref.com/it/partite/e474c2fe/Napoli-Como-4-Ottobre-2024-Serie-A
7;Ven;04-10-2024;20:45;Hellas Verona;2.3;2–1;0.9;Venezia;25.979;Stadio Marc'Antonio Bentegodi;Marco Guida;https://fbref.com/it/partite/f8385042/Hellas-Verona-Venezia-4-Ottobre-2024-Serie-A
7;Sab;05-10-2024;15:00;Udinese;0.9;1–0;0.5;Lecce;21.441;Bluenergy Stadium;Maurizio Mariani;https://fbref.com/it/partite/e86c2b7c/Udinese-Lecce-5-Ottobre-2024-Serie-A
7;Sab;05-10-2024;18:00;Atalanta;3.6;5–1;0.7;Genoa;23.138;Gewiss Stadium;Daniele Chiffi;https://fbref.com/it/partite/b1035fb5/Atalanta-Genoa-5-Ottobre-2024-Serie-A
7;Sab;05-10-2024;20:45;Inter;2.4;3–2;1.6;Torino;73.348;Stadio Giuseppe Meazza;Matteo Marcenaro;https://fbref.com/it/partite/282abdf2/Internazionale-Torino-5-Ottobre-2024-Serie-A
7;Dom;06-10-2024;12:30;Juventus;2.4;1–1;1.1;Cagliari;40.557;Allianz Stadium;Livio Marinelli;https://fbref.com/it/partite/3f957426/Juventus-Cagliari-6-Ottobre-2024-Serie-A
7;Dom;06-10-2024;15:00;Bologna;0.8;0–0;0.8;Parma;28.400;Stadio Renato Dall'Ara;Marco Di Bello;https://fbref.com/it/partite/0ca23022/Bologna-Parma-6-Ottobre-2024-Serie-A
7;Dom;06-10-2024;15:00;Lazio;2.1;2–1;0.5;Empoli;38.000;Stadio Olimpico;Giovanni Ayroldi;https://fbref.com/it/partite/6b642876/Lazio-Empoli-6-Ottobre-2024-Serie-A
7;Dom;06-10-2024;18:00;Monza;1.1;1–1;1.1;Roma;12.021;U-Power Stadium;Federico La Penna;https://fbref.com/it/partite/d19770cf/Monza-Roma-6-Ottobre-2024-Serie-A
7;Dom;06-10-2024;20:45;Fiorentina;1.5;2–1;2.6;Milan;21.923;Stadio Artemio Franchi;Luca Pairetto;https://fbref.com/it/partite/7b49f33b/Fiorentina-Milan-6-Ottobre-2024-Serie-A
8;Sab;19-10-2024;15:00;Como;1.3;1–1;0.5;Parma;7.000;Stadio Giuseppe Sinigaglia;Michael Fabbri;https://fbref.com/it/partite/0e383c84/Como-Parma-19-Ottobre-2024-Serie-A
8;Sab;19-10-2024;15:00;Genoa;0.4;2–2;0.7;Bologna;30.000;Stadio Comunale Luigi Ferraris;Daniele Doveri;https://fbref.com/it/partite/b69fbc8e/Genoa-Bologna-19-Ottobre-2024-Serie-A
8;Sab;19-10-2024;18:00;Milan;1.2;1–0;0.4;Udinese;71.214;Stadio Giuseppe Meazza;Daniele Chiffi;https://fbref.com/it/partite/c9b4f966/Milan-Udinese-19-Ottobre-2024-Serie-A
8;Sab;19-10-2024;20:45;Juventus;1.3;1–0;0.1;Lazio;40.800;Allianz Stadium;Juan Luca Sacchi;https://fbref.com/it/partite/2a7043fd/Juventus-Lazio-19-Ottobre-2024-Serie-A
8;Dom;20-10-2024;12:30;Empoli;0.7;0–1;1.3;Napoli;12.000;Stadio Carlo Castellani - Computer Gross...;Rosario Abisso;https://fbref.com/it/partite/e486a986/Empoli-Napoli-20-Ottobre-2024-Serie-A
8;Dom;20-10-2024;15:00;Lecce;0.2;0–6;2.2;Fiorentina;25.124;Stadio Comunale Ettore Giardiniero;Francesco Fourneau;https://fbref.com/it/partite/015e4919/Lecce-Fiorentina-20-Ottobre-2024-Serie-A
8;Dom;20-10-2024;15:00;Venezia;0.8;0–2;1.4;Atalanta;11.979;Stadio Pier Luigi Penzo;Luca Zufferli;https://fbref.com/it/partite/2ec189f4/Venezia-Atalanta-20-Ottobre-2024-Serie-A
8;Dom;20-10-2024;18:00;Cagliari;1.6;3–2;1.4;Torino;16.000;Unipol Domus;Gianluca Aureliano;https://fbref.com/it/partite/1d1a4e0d/Cagliari-Torino-20-Ottobre-2024-Serie-A
8;Dom;20-10-2024;20:45;Roma;1.0;0–1;1.0;Inter;64.119;Stadio Olimpico;Davide Massa;https://fbref.com/it/partite/f65c16b7/Roma-Internazionale-20-Ottobre-2024-Serie-A
8;Lun;21-10-2024;20:45;Hellas Verona;0.9;0–3;1.4;Monza;24.854;Stadio Marc'Antonio Bentegodi;Federico Dionisi;https://fbref.com/it/partite/1bf8a854/Hellas-Verona-Monza-21-Ottobre-2024-Serie-A
9;Ven;25-10-2024;18:30;Udinese;1.0;2–0;0.4;Cagliari;21.095;Bluenergy Stadium;Gianluca Manganiello;https://fbref.com/it/partite/8bd5bba7/Udinese-Cagliari-25-Ottobre-2024-Serie-A
9;Ven;25-10-2024;20:45;Torino;1.3;1–0;1.4;Como;23.571;Stadio Olimpico Grande Torino;Giovanni Ayroldi;https://fbref.com/it/partite/05c25e1e/Torino-Como-25-Ottobre-2024-Serie-A
9;Sab;26-10-2024;15:00;Napoli;2.7;1–0;0.7;Lecce;51.103;Stadio Diego Armando Maradona;Paride Tremolada;https://fbref.com/it/partite/69ffe801/Napoli-Lecce-26-Ottobre-2024-Serie-A
9;Sab;26-10-2024;20:45;Atalanta;2.4;6–1;0.2;Hellas Verona;23.015;Gewiss Stadium;Ermanno Feliciani;https://fbref.com/it/partite/8e432430/Atalanta-Hellas-Verona-26-Ottobre-2024-Serie-A
9;Dom;27-10-2024;12:30;Parma;1.7;1–1;0.2;Empoli;17.802;Stadio Ennio Tardini;Federico La Penna;https://fbref.com/it/partite/edec012f/Parma-Empoli-27-Ottobre-2024-Serie-A
9;Dom;27-10-2024;15:00;Lazio;2.1;3–0;0.3;Genoa;40.000;Stadio Olimpico;Marco Piccinini;https://fbref.com/it/partite/67b8955a/Lazio-Genoa-27-Ottobre-2024-Serie-A
9;Dom;27-10-2024;15:00;Monza;1.1;2–2;0.4;Venezia;10.141;U-Power Stadium;Antonio Rapuano;https://fbref.com/it/partite/ee055cc8/Monza-Venezia-27-Ottobre-2024-Serie-A
9;Dom;27-10-2024;18:00;Inter;3.0;4–4;2.1;Juventus;75.000;Stadio Giuseppe Meazza;Marco Guida;https://fbref.com/it/partite/1e164a6c/Derby-dItalia-Internazionale-Juventus-27-Ottobre-2024-Serie-A
9;Dom;27-10-2024;20:45;Fiorentina;3.7;5–1;0.8;Roma;20.440;Stadio Artemio Franchi;Simone Sozza;https://fbref.com/it/partite/54bfe5ba/Fiorentina-Roma-27-Ottobre-2024-Serie-A
10;Mar;29-10-2024;18:30;Lecce;1.7;1–0;0.3;Hellas Verona;23.698;Stadio Comunale Ettore Giardiniero;Maurizio Mariani;https://fbref.com/it/partite/1affd587/Lecce-Hellas-Verona-29-Ottobre-2024-Serie-A
10;Mar;29-10-2024;18:30;Cagliari;0.8;0–2;0.9;Bologna;15.977;Unipol Domus;Francesco Fourneau;https://fbref.com/it/partite/cbe119cc/Cagliari-Bologna-29-Ottobre-2024-Serie-A
10;Mar;29-10-2024;20:45;Milan;0.7;0–2;1.1;Napoli;73.507;Stadio Giuseppe Meazza;Andrea Colombo;https://fbref.com/it/partite/da11c409/Milan-Napoli-29-Ottobre-2024-Serie-A
10;Mer;30-10-2024;18:30;Venezia;2.3;3–2;0.9;Udinese;10.000;Stadio Pier Luigi Penzo;Davide Massa;https://fbref.com/it/partite/50efe60a/Venezia-Udinese-30-Ottobre-2024-Serie-A
10;Mer;30-10-2024;18:30;Empoli;0.3;0–3;1.1;Inter;15.706;Stadio Carlo Castellani - Computer Gross...;Matteo Marchetti;https://fbref.com/it/partite/a2a61f01/Empoli-Internazionale-30-Ottobre-2024-Serie-A
10;Mer;30-10-2024;20:45;Atalanta;1.2;2–0;0.1;Monza;22.142;Gewiss Stadium;Marco Piccinini;https://fbref.com/it/partite/75f96018/Atalanta-Monza-30-Ottobre-2024-Serie-A
10;Mer;30-10-2024;20:45;Juventus;2.4;2–2;1.2;Parma;40.809;Allianz Stadium;Luca Zufferli;https://fbref.com/it/partite/bc7ed4c6/Juventus-Parma-30-Ottobre-2024-Serie-A
10;Gio;31-10-2024;18:30;Genoa;0.9;0–1;0.5;Fiorentina;30.254;Stadio Comunale Luigi Ferraris;Daniele Chiffi;https://fbref.com/it/partite/463a6b71/Genoa-Fiorentina-31-Ottobre-2024-Serie-A
10;Gio;31-10-2024;20:45;Como;1.1;1–5;2.9;Lazio;10.750;Stadio Giuseppe Sinigaglia;Luca Pairetto;https://fbref.com/it/partite/128ece0d/Como-Lazio-31-Ottobre-2024-Serie-A
10;Gio;31-10-2024;20:45;Roma;0.6;1–0;0.2;Torino;60.920;Stadio Olimpico;Michael Fabbri;https://fbref.com/it/partite/2d7f07e3/Roma-Torino-31-Ottobre-2024-Serie-A
11;Sab;02-11-2024;15:00;Bologna;1.4;1–0;0.7;Lecce;25.000;Stadio Renato Dall'Ara;Giuseppe Collu;https://fbref.com/it/partite/131fb996/Bologna-Lecce-2-Novembre-2024-Serie-A
11;Sab;02-11-2024;18:00;Udinese;0.6;0–2;1.3;Juventus;24.990;Bluenergy Stadium;Rosario Abisso;https://fbref.com/it/partite/2680b604/Udinese-Juventus-2-Novembre-2024-Serie-A
11;Sab;02-11-2024;20:45;Monza;1.2;0–1;2.5;Milan;17.000;U-Power Stadium;Ermanno Feliciani;https://fbref.com/it/partite/6e2f5ec6/Monza-Milan-2-Novembre-2024-Serie-A
11;Dom;03-11-2024;12:30;Napoli;0.8;0–3;1.2;Atalanta;50.873;Stadio Diego Armando Maradona;Daniele Doveri;https://fbref.com/it/partite/31d4ab7d/Napoli-Atalanta-3-Novembre-2024-Serie-A
11;Dom;03-11-2024;15:00;Torino;0.6;0–1;0.6;Fiorentina;23.326;Stadio Olimpico Grande Torino;Federico La Penna;https://fbref.com/it/partite/7c298383/Torino-Fiorentina-3-Novembre-2024-Serie-A
11;Dom;03-11-2024;18:00;Hellas Verona;1.1;3–2;1.7;Roma;28.185;Stadio Marc'Antonio Bentegodi;Matteo Marcenaro;https://fbref.com/it/partite/0c67c952/Hellas-Verona-Roma-3-Novembre-2024-Serie-A
11;Dom;03-11-2024;20:45;Inter;2.4;1–0;1.0;Venezia;66.326;Stadio Giuseppe Meazza;Maria Sole Ferrieri Caputi;https://fbref.com/it/partite/f6ba9194/Internazionale-Venezia-3-Novembre-2024-Serie-A
11;Lun;04-11-2024;18:30;Empoli;0.6;1–0;0.4;Como;8.102;Stadio Carlo Castellani - Computer Gross...;Marco Di Bello;https://fbref.com/it/partite/cf8ba91a/Empoli-Como-4-Novembre-2024-Serie-A
11;Lun;04-11-2024;18:30;Parma;1.1;0–1;1.4;Genoa;16.151;Stadio Ennio Tardini;Marco Guida;https://fbref.com/it/partite/d8a1b693/Parma-Genoa-4-Novembre-2024-Serie-A
11;Lun;04-11-2024;20:45;Lazio;2.9;2–1;0.3;Cagliari;35.000;Stadio Olimpico;Giovanni Ayroldi;https://fbref.com/it/partite/b3fa2e3c/Lazio-Cagliari-4-Novembre-2024-Serie-A
12;Gio;07-11-2024;20:45;Genoa;0.9;1–1;1.4;Como;30.708;Stadio Comunale Luigi Ferraris;Antonio Rapuano;https://fbref.com/it/partite/ee077ae1/Genoa-Como-7-Novembre-2024-Serie-A
12;Ven;08-11-2024;20:45;Lecce;1.6;1–1;0.6;Empoli;23.907;Stadio Comunale Ettore Giardiniero;Juan Luca Sacchi;https://fbref.com/it/partite/dac22768/Lecce-Empoli-8-Novembre-2024-Serie-A
12;Sab;09-11-2024;15:00;Venezia;0.8;1–2;1.0;Parma;10.866;Stadio Pier Luigi Penzo;Daniele Chiffi;https://fbref.com/it/partite/8b0cfe1d/Venezia-Parma-9-Novembre-2024-Serie-A
12;Sab;09-11-2024;18:00;Cagliari;1.7;3–3;3.3;Milan;16.271;Unipol Domus;Michael Fabbri;https://fbref.com/it/partite/23026b6f/Cagliari-Milan-9-Novembre-2024-Serie-A
12;Sab;09-11-2024;20:45;Juventus;1.7;2–0;0.4;Torino;41.066;Allianz Stadium;Simone Sozza;https://fbref.com/it/partite/51962386/Juventus-Torino-9-Novembre-2024-Serie-A
12;Dom;10-11-2024;12:30;Atalanta;0.9;2–1;0.8;Udinese;22.884;Gewiss Stadium;Marco Di Bello;https://fbref.com/it/partite/fcc555f9/Atalanta-Udinese-10-Novembre-2024-Serie-A
12;Dom;10-11-2024;15:00;Roma;1.3;2–3;1.7;Bologna;50.500;Stadio Olimpico;Gianluca Manganiello;https://fbref.com/it/partite/b93d514f/Roma-Bologna-10-Novembre-2024-Serie-A
12;Dom;10-11-2024;15:00;Fiorentina;1.9;3–1;0.4;Hellas Verona;22.495;Stadio Artemio Franchi;Luca Zufferli;https://fbref.com/it/partite/c9d4e593/Fiorentina-Hellas-Verona-10-Novembre-2024-Serie-A
12;Dom;10-11-2024;18:00;Monza;1.0;0–1;1.6;Lazio;11.706;U-Power Stadium;Andrea Colombo;https://fbref.com/it/partite/90116cdb/Monza-Lazio-10-Novembre-2024-Serie-A
12;Dom;10-11-2024;20:45;Inter;1.5;1–1;0.7;Napoli;72.951;Stadio Giuseppe Meazza;Maurizio Mariani;https://fbref.com/it/partite/8a3f7f87/Internazionale-Napoli-10-Novembre-2024-Serie-A
13;Sab;23-11-2024;15:00;Hellas Verona;0.5;0–5;3.2;Inter;27.000;Stadio Marc'Antonio Bentegodi;Andrea Colombo;https://fbref.com/it/partite/f40e8673/Hellas-Verona-Internazionale-23-Novembre-2024-Serie-A
13;Sab;23-11-2024;18:00;Milan;0.3;0–0;0.4;Juventus;75.502;Stadio Giuseppe Meazza;Daniele Chiffi;https://fbref.com/it/partite/3d6d1119/Milan-Juventus-23-Novembre-2024-Serie-A
13;Sab;23-11-2024;20:45;Parma;0.7;1–3;2.7;Atalanta;18.790;Stadio Ennio Tardini;Gianluca Manganiello;https://fbref.com/it/partite/b0abcd14/Parma-Atalanta-23-Novembre-2024-Serie-A
13;Dom;24-11-2024;12:30;Genoa;1.7;2–2;3.0;Cagliari;31.070;Stadio Comunale Luigi Ferraris;Simone Sozza;https://fbref.com/it/partite/6a1e4119/Genoa-Cagliari-24-Novembre-2024-Serie-A
13;Dom;24-11-2024;15:00;Como;1.1;0–2;0.8;Fiorentina;8.500;Stadio Giuseppe Sinigaglia;Matteo Marchetti;https://fbref.com/it/partite/8ad4e7bb/Como-Fiorentina-24-Novembre-2024-Serie-A
13;Dom;24-11-2024;15:00;Torino;1.0;1–1;0.9;Monza;22.000;Stadio Olimpico Grande Torino;Rosario Abisso;https://fbref.com/it/partite/a9bc6012/Torino-Monza-24-Novembre-2024-Serie-A
13;Dom;24-11-2024;18:00;Napoli;1.4;1–0;0.6;Roma;51.164;Stadio Diego Armando Maradona;Davide Massa;https://fbref.com/it/partite/5993c0f0/Derby-del-Sole-Napoli-Roma-24-Novembre-2024-Serie-A
13;Dom;24-11-2024;20:45;Lazio;2.0;3–0;0.1;Bologna;40.000;Stadio Olimpico;Antonio Rapuano;https://fbref.com/it/partite/b823aa0b/Lazio-Bologna-24-Novembre-2024-Serie-A
13;Lun;25-11-2024;18:30;Empoli;0.1;1–1;0.8;Udinese;1.449;Stadio Carlo Castellani - Computer Gross...;Livio Marinelli;https://fbref.com/it/partite/249de3fa/Empoli-Udinese-25-Novembre-2024-Serie-A
13;Lun;25-11-2024;20:45;Venezia;2.5;0–1;0.7;Lecce;9.448;Stadio Pier Luigi Penzo;Luca Pairetto;https://fbref.com/it/partite/616c48a5/Venezia-Lecce-25-Novembre-2024-Serie-A
14;Ven;29-11-2024;20:45;Cagliari;1.8;1–0;0.7;Hellas Verona;16.162;Unipol Domus;Maurizio Mariani;https://fbref.com/it/partite/b2adb745/Cagliari-Hellas-Verona-29-Novembre-2024-Serie-A
14;Sab;30-11-2024;15:00;Como;1.3;1–1;1.3;Monza;9.749;Stadio Giuseppe Sinigaglia;Juan Luca Sacchi;https://fbref.com/it/partite/54be0ee5/Como-Monza-30-Novembre-2024-Serie-A
14;Sab;30-11-2024;18:00;Milan;2.3;3–0;0.5;Empoli;68.725;Stadio Giuseppe Meazza;Federico Dionisi;https://fbref.com/it/partite/1d6a6ac7/Milan-Empoli-30-Novembre-2024-Serie-A
14;Sab;30-11-2024;20:45;Bologna;3.2;3–0;0.4;Venezia;24.866;Stadio Renato Dall'Ara;Luca Massimi;https://fbref.com/it/partite/75f6e865/Bologna-Venezia-30-Novembre-2024-Serie-A
14;Dom;01-12-2024;12:30;Udinese;0.2;0–2;1.6;Genoa;21.995;Bluenergy Stadium;Gianluca Aureliano;https://fbref.com/it/partite/bb7b34e8/Udinese-Genoa-1-Dicembre-2024-Serie-A
14;Dom;01-12-2024;15:00;Torino;0.3;0–1;1.4;Napoli;25.060;Stadio Olimpico Grande Torino;Michael Fabbri;https://fbref.com/it/partite/148db1a0/Torino-Napoli-1-Dicembre-2024-Serie-A
14;Dom;01-12-2024;15:00;Parma;1.5;3–1;2.5;Lazio;22.885;Stadio Ennio Tardini;Luca Zufferli;https://fbref.com/it/partite/655f8c05/Parma-Lazio-1-Dicembre-2024-Serie-A
14;Dom;01-12-2024;20:45;Lecce;1.5;1–1;1.3;Juventus;27.080;Stadio Comunale Ettore Giardiniero;Antonio Rapuano;https://fbref.com/it/partite/6663ff8b/Lecce-Juventus-1-Dicembre-2024-Serie-A
14;Lun;02-12-2024;20:45;Roma;0.4;0–2;1.3;Atalanta;55.772;Stadio Olimpico;Marco Guida;https://fbref.com/it/partite/74396b38/Roma-Atalanta-2-Dicembre-2024-Serie-A
15;Ven;06-12-2024;18:30;Inter;1.8;3–1;0.4;Parma;71.879;Stadio Giuseppe Meazza;Rosario Abisso;https://fbref.com/it/partite/36a8e6c1/Internazionale-Parma-6-Dicembre-2024-Serie-A
15;Ven;06-12-2024;20:45;Atalanta;2.1;2–1;0.7;Milan;22.606;Gewiss Stadium;Federico La Penna;https://fbref.com/it/partite/3c291cde/Atalanta-Milan-6-Dicembre-2024-Serie-A
15;Sab;07-12-2024;15:00;Genoa;0.5;0–0;0.6;Torino;32.363;Stadio Comunale Luigi Ferraris;Livio Marinelli;https://fbref.com/it/partite/5209f745/Genoa-Torino-7-Dicembre-2024-Serie-A
15;Sab;07-12-2024;18:00;Juventus;1.0;2–2;0.9;Bologna;40.748;Allianz Stadium;Matteo Marchetti;https://fbref.com/it/partite/f335a456/Juventus-Bologna-7-Dicembre-2024-Serie-A
15;Sab;07-12-2024;20:45;Roma;1.8;4–1;0.9;Lecce;58.213;Stadio Olimpico;Daniele Chiffi;https://fbref.com/it/partite/2f4aac74/Roma-Lecce-7-Dicembre-2024-Serie-A
15;Dom;08-12-2024;12:30;Fiorentina;0.3;1–0;0.8;Cagliari;19.851;Stadio Artemio Franchi;Marco Piccinini;https://fbref.com/it/partite/a3f7f065/Fiorentina-Cagliari-8-Dicembre-2024-Serie-A
15;Dom;08-12-2024;15:00;Hellas Verona;0.9;1–4;1.3;Empoli;23.949;Stadio Marc'Antonio Bentegodi;Marco Di Bello;https://fbref.com/it/partite/52d351e8/Hellas-Verona-Empoli-8-Dicembre-2024-Serie-A
15;Dom;08-12-2024;18:00;Venezia;0.3;2–2;1.0;Como;8.026;Stadio Pier Luigi Penzo;Daniele Doveri;https://fbref.com/it/partite/4171bb56/Venezia-Como-8-Dicembre-2024-Serie-A
15;Dom;08-12-2024;20:45;Napoli;0.5;0–1;0.3;Lazio;50.000;Stadio Diego Armando Maradona;Andrea Colombo;https://fbref.com/it/partite/aea55efb/Napoli-Lazio-8-Dicembre-2024-Serie-A
15;Lun;09-12-2024;20:45;Monza;1.3;1–2;1.2;Udinese;9.317;U-Power Stadium;Gianluca Manganiello;https://fbref.com/it/partite/fbe80ac9/Monza-Udinese-9-Dicembre-2024-Serie-A
16;Ven;13-12-2024;20:45;Empoli;0.6;0–1;1.0;Torino;7.832;Stadio Carlo Castellani - Computer Gross...;Kevin Bonacina;https://fbref.com/it/partite/33b426d2/Empoli-Torino-13-Dicembre-2024-Serie-A
16;Sab;14-12-2024;15:00;Cagliari;1.4;0–1;1.5;Atalanta;15.985;Unipol Domus;Luca Pairetto;https://fbref.com/it/partite/69244b8a/Cagliari-Atalanta-14-Dicembre-2024-Serie-A
16;Sab;14-12-2024;18:00;Udinese;1.4;1–3;2.2;Napoli;19.981;Bluenergy Stadium;Daniele Doveri;https://fbref.com/it/partite/700e4d44/Udinese-Napoli-14-Dicembre-2024-Serie-A
16;Sab;14-12-2024;20:45;Juventus;2.1;2–2;0.4;Venezia;38.425;Allianz Stadium;Antonio Giua;https://fbref.com/it/partite/6eb424b7/Juventus-Venezia-14-Dicembre-2024-Serie-A
16;Dom;15-12-2024;12:30;Lecce;1.5;2–1;0.6;Monza;23.663;Stadio Comunale Ettore Giardiniero;Maurizio Mariani;https://fbref.com/it/partite/4bd3b181/Lecce-Monza-15-Dicembre-2024-Serie-A
16;Dom;15-12-2024;15:00;Bologna;1.2;1–0;1.0;Fiorentina;26.000;Stadio Renato Dall'Ara;Michael Fabbri;https://fbref.com/it/partite/a4be7984/Derby-dellAppennino-Bologna-Fiorentina-15-Dicembre-2024-Serie-A
16;Dom;15-12-2024;15:00;Parma;1.9;2–3;2.6;Hellas Verona;17.003;Stadio Ennio Tardini;Simone Sozza;https://fbref.com/it/partite/c31235f0/Parma-Hellas-Verona-15-Dicembre-2024-Serie-A
16;Dom;15-12-2024;18:00;Como;1.2;2–0;0.3;Roma;13.602;Stadio Giuseppe Sinigaglia;Antonio Rapuano;https://fbref.com/it/partite/27c53562/Como-Roma-15-Dicembre-2024-Serie-A
16;Dom;15-12-2024;20:45;Milan;1.1;0–0;0.3;Genoa;70.078;Stadio Giuseppe Meazza;Marco Guida;https://fbref.com/it/partite/715aa683/Milan-Genoa-15-Dicembre-2024-Serie-A
16;Lun;16-12-2024;20:45;Lazio;0.4;0–6;2.0;Inter;59.000;Stadio Olimpico;Daniele Chiffi;https://fbref.com/it/partite/180750a4/Lazio-Internazionale-16-Dicembre-2024-Serie-A
17;Ven;20-12-2024;20:45;Hellas Verona;0.7;0–1;0.8;Milan;24.000;Stadio Marc'Antonio Bentegodi;Livio Marinelli;https://fbref.com/it/partite/95273d30/Hellas-Verona-Milan-20-Dicembre-2024-Serie-A
17;Sab;21-12-2024;15:00;Torino;0.3;0–2;1.7;Bologna;19.860;Stadio Olimpico Grande Torino;Marco Piccinini;https://fbref.com/it/partite/b6364093/Torino-Bologna-21-Dicembre-2024-Serie-A
17;Sab;21-12-2024;18:00;Genoa;1.0;1–2;1.2;Napoli;33.435;Stadio Comunale Luigi Ferraris;Federico La Penna;https://fbref.com/it/partite/f40ec8ec/Genoa-Napoli-21-Dicembre-2024-Serie-A
17;Sab;21-12-2024;20:45;Lecce;0.7;1–2;1.6;Lazio;30.000;Stadio Comunale Ettore Giardiniero;Gianluca Manganiello;https://fbref.com/it/partite/e9e5a4d3/Lecce-Lazio-21-Dicembre-2024-Serie-A
17;Dom;22-12-2024;12:30;Roma;5.4;5–0;0.4;Parma;62.968;Stadio Olimpico;Marco Di Bello;https://fbref.com/it/partite/ee646ed8/Roma-Parma-22-Dicembre-2024-Serie-A
17;Dom;22-12-2024;15:00;Venezia;1.5;2–1;2.1;Cagliari;9.713;Stadio Pier Luigi Penzo;Marco Guida;https://fbref.com/it/partite/e97ff3c8/Venezia-Cagliari-22-Dicembre-2024-Serie-A
17;Dom;22-12-2024;18:00;Atalanta;1.3;3–2;1.3;Empoli;22.163;Gewiss Stadium;Ermanno Feliciani;https://fbref.com/it/partite/8ea96d1a/Atalanta-Empoli-22-Dicembre-2024-Serie-A
17;Dom;22-12-2024;20:45;Monza;1.3;1–2;1.8;Juventus;15.479;U-Power Stadium;Davide Massa;https://fbref.com/it/partite/d259dc6c/Monza-Juventus-22-Dicembre-2024-Serie-A
17;Lun;23-12-2024;18:30;Fiorentina;2.1;1–2;0.9;Udinese;20.505;Stadio Artemio Franchi;Matteo Marcenaro;https://fbref.com/it/partite/bc6b88d2/Fiorentina-Udinese-23-Dicembre-2024-Serie-A
17;Lun;23-12-2024;20:45;Inter;1.6;2–0;0.3;Como;73.204;Stadio Giuseppe Meazza;Antonio Giua;https://fbref.com/it/partite/815f82e8/Internazionale-Como-23-Dicembre-2024-Serie-A
18;Sab;28-12-2024;15:00;Parma;1.4;2–1;2.2;Monza;17.499;Stadio Ennio Tardini;Federico La Penna;https://fbref.com/it/partite/45c4ef98/Parma-Monza-28-Dicembre-2024-Serie-A
18;Sab;28-12-2024;15:00;Empoli;1.3;1–2;1.8;Genoa;12.657;Stadio Carlo Castellani - Computer Gross...;Antonio Rapuano;https://fbref.com/it/partite/6d5e84f9/Empoli-Genoa-28-Dicembre-2024-Serie-A
18;Sab;28-12-2024;18:00;Cagliari;0.3;0–3;3.2;Inter;16.412;Unipol Domus;Daniele Doveri;https://fbref.com/it/partite/a4004016/Cagliari-Internazionale-28-Dicembre-2024-Serie-A
18;Sab;28-12-2024;20:45;Lazio;0.6;1–1;2.7;Atalanta;48.000;Stadio Olimpico;Davide Massa;https://fbref.com/it/partite/864b029d/Lazio-Atalanta-28-Dicembre-2024-Serie-A
18;Dom;29-12-2024;12:30;Udinese;0.7;2–2;0.6;Torino;23.082;Bluenergy Stadium;Francesco Fourneau;https://fbref.com/it/partite/eda442e1/Udinese-Torino-29-Dicembre-2024-Serie-A
18;Dom;29-12-2024;15:00;Napoli;1.9;1–0;0.2;Venezia;51.199;Stadio Diego Armando Maradona;Francesco Cosso;https://fbref.com/it/partite/84d5d1b8/Napoli-Venezia-29-Dicembre-2024-Serie-A
18;Dom;29-12-2024;18:00;Juventus;1.5;2–2;1.0;Fiorentina;41.188;Allianz Stadium;Maurizio Mariani;https://fbref.com/it/partite/866b53df/Juventus-Fiorentina-29-Dicembre-2024-Serie-A
18;Dom;29-12-2024;20:45;Milan;1.9;1–1;1.3;Roma;74.283;Stadio Giuseppe Meazza;Michael Fabbri;https://fbref.com/it/partite/3f619cbf/Milan-Roma-29-Dicembre-2024-Serie-A
18;Lun;30-12-2024;18:30;Como;2.0;2–0;0.4;Lecce;12.000;Stadio Giuseppe Sinigaglia;Marco Piccinini;https://fbref.com/it/partite/e75996b8/Como-Lecce-30-Dicembre-2024-Serie-A
18;Lun;30-12-2024;20:45;Bologna;2.2;2–3;0.8;Hellas Verona;26.454;Stadio Renato Dall'Ara;Giovanni Ayroldi;https://fbref.com/it/partite/8607729b/Bologna-Hellas-Verona-30-Dicembre-2024-Serie-A
19;Sab;04-01-2025;15:00;Venezia;0.8;1–1;1.8;Empoli;10.591;Stadio Pier Luigi Penzo;Juan Luca Sacchi;https://fbref.com/it/partite/81fed71a/Venezia-Empoli-4-Gennaio-2025-Serie-A
19;Sab;04-01-2025;18:00;Fiorentina;1.0;0–3;1.6;Napoli;21.685;Stadio Artemio Franchi;Gianluca Manganiello;https://fbref.com/it/partite/b061fbf8/Fiorentina-Napoli-4-Gennaio-2025-Serie-A
19;Sab;04-01-2025;20:45;Hellas Verona;1.0;0–0;0.8;Udinese;23.663;Stadio Marc'Antonio Bentegodi;Federico Dionisi;https://fbref.com/it/partite/9a2501ce/Hellas-Verona-Udinese-4-Gennaio-2025-Serie-A
19;Dom;05-01-2025;12:30;Monza;1.4;1–2;0.8;Cagliari;10.982;U-Power Stadium;Marco Di Bello;https://fbref.com/it/partite/91f9e319/Monza-Cagliari-5-Gennaio-2025-Serie-A
19;Dom;05-01-2025;15:00;Lecce;0.6;0–0;1.1;Genoa;26.436;Stadio Comunale Ettore Giardiniero;Livio Marinelli;https://fbref.com/it/partite/02f898b8/Lecce-Genoa-5-Gennaio-2025-Serie-A
19;Dom;05-01-2025;18:00;Torino;1.1;0–0;0.4;Parma;19.744;Stadio Olimpico Grande Torino;Ermanno Feliciani;https://fbref.com/it/partite/cdeef583/Torino-Parma-5-Gennaio-2025-Serie-A
19;Dom;05-01-2025;20:45;Roma;1.1;2–0;0.9;Lazio;65.042;Stadio Olimpico;Luca Pairetto;https://fbref.com/it/partite/5e0b2192/Roma-Lazio-5-Gennaio-2025-Serie-A
20;Ven;10-01-2025;20:45;Lazio;0.5;1–1;2.0;Como;40.000;Stadio Olimpico;Paride Tremolada;https://fbref.com/it/partite/f8c231d6/Lazio-Como-10-Gennaio-2025-Serie-A
20;Sab;11-01-2025;15:00;Udinese;1.5;0–0;0.2;Atalanta;21.727;Bluenergy Stadium;Maurizio Mariani;https://fbref.com/it/partite/69cd8e7c/Udinese-Atalanta-11-Gennaio-2025-Serie-A
20;Sab;11-01-2025;15:00;Empoli;1.4;1–3;1.5;Lecce;9.096;Stadio Carlo Castellani - Computer Gross...;Daniele Chiffi;https://fbref.com/it/partite/fad008cb/Empoli-Lecce-11-Gennaio-2025-Serie-A
20;Sab;11-01-2025;18:00;Torino;0.6;1–1;0.9;Juventus;27.014;Stadio Olimpico Grande Torino;Michael Fabbri;https://fbref.com/it/partite/ccb3439a/Torino-Juventus-11-Gennaio-2025-Serie-A
20;Sab;11-01-2025;20:45;Milan;2.7;1–1;0.4;Cagliari;69.263;Stadio Giuseppe Meazza;Francesco Fourneau;https://fbref.com/it/partite/48765cf8/Milan-Cagliari-11-Gennaio-2025-Serie-A
20;Dom;12-01-2025;12:30;Genoa;1.2;1–0;0.4;Parma;31.689;Stadio Comunale Luigi Ferraris;Andrea Colombo;https://fbref.com/it/partite/ac1441eb/Genoa-Parma-12-Gennaio-2025-Serie-A
20;Dom;12-01-2025;15:00;Venezia;0.4;0–1;1.9;Inter;12.048;Stadio Pier Luigi Penzo;Marco Piccinini;https://fbref.com/it/partite/358fd054/Venezia-Internazionale-12-Gennaio-2025-Serie-A
20;Dom;12-01-2025;18:00;Bologna;2.0;2–2;1.4;Roma;30.226;Stadio Renato Dall'Ara;Rosario Abisso;https://fbref.com/it/partite/a5eda625/Bologna-Roma-12-Gennaio-2025-Serie-A
20;Dom;12-01-2025;20:45;Napoli;1.1;2–0;0.3;Hellas Verona;48.750;Stadio Diego Armando Maradona;Luca Zufferli;https://fbref.com/it/partite/340f5b84/Napoli-Hellas-Verona-12-Gennaio-2025-Serie-A
20;Lun;13-01-2025;20:45;Monza;0.7;2–1;1.4;Fiorentina;9.153;U-Power Stadium;Federico Dionisi;https://fbref.com/it/partite/d27a6eb4/Monza-Fiorentina-13-Gennaio-2025-Serie-A
19;Mar;14-01-2025;18:30;Como;1.4;1–2;1.3;Milan;13.602;Stadio Giuseppe Sinigaglia;Gianluca Manganiello;https://fbref.com/it/partite/c8bcd0d8/Como-Milan-14-Gennaio-2025-Serie-A
19;Mar;14-01-2025;20:45;Atalanta;1.4;1–1;1.5;Juventus;22.920;Gewiss Stadium;Daniele Doveri;https://fbref.com/it/partite/167a39df/Atalanta-Juventus-14-Gennaio-2025-Serie-A
19;Mer;15-01-2025;20:45;Inter;1.7;2–2;0.6;Bologna;63.074;Stadio Giuseppe Meazza;Luca Pairetto;https://fbref.com/it/partite/276006d8/Internazionale-Bologna-15-Gennaio-2025-Serie-A
21;Ven;17-01-2025;20:45;Roma;1.6;3–1;0.5;Genoa;62.217;Stadio Olimpico;Luca Zufferli;https://fbref.com/it/partite/00edb7b5/Roma-Genoa-17-Gennaio-2025-Serie-A
21;Sab;18-01-2025;15:00;Bologna;1.8;3–1;0.5;Monza;23.381;Stadio Renato Dall'Ara;Maurizio Mariani;https://fbref.com/it/partite/9f9010d6/Bologna-Monza-18-Gennaio-2025-Serie-A
21;Sab;18-01-2025;18:00;Juventus;1.1;2–0;0.9;Milan;41.507;Allianz Stadium;Davide Massa;https://fbref.com/it/partite/4ba45ccb/Juventus-Milan-18-Gennaio-2025-Serie-A
21;Sab;18-01-2025;20:45;Atalanta;0.7;2–3;0.8;Napoli;22.874;Gewiss Stadium;Andrea Colombo;https://fbref.com/it/partite/c60e5b0e/Atalanta-Napoli-18-Gennaio-2025-Serie-A
21;Dom;19-01-2025;12:30;Fiorentina;1.5;1–1;0.4;Torino;19.313;Stadio Artemio Franchi;Livio Marinelli;https://fbref.com/it/partite/15a113e1/Fiorentina-Torino-19-Gennaio-2025-Serie-A
21;Dom;19-01-2025;15:00;Cagliari;2.6;4–1;0.4;Lecce;16.306;Unipol Domus;Juan Luca Sacchi;https://fbref.com/it/partite/25c00123/Cagliari-Lecce-19-Gennaio-2025-Serie-A
21;Dom;19-01-2025;15:00;Parma;1.6;1–1;1.1;Venezia;15.865;Stadio Ennio Tardini;Francesco Fourneau;https://fbref.com/it/partite/fa8b77b9/Parma-Venezia-19-Gennaio-2025-Serie-A
21;Dom;19-01-2025;18:00;Hellas Verona;1.3;0–3;1.5;Lazio;37.000;Stadio Marc'Antonio Bentegodi;Michael Fabbri;https://fbref.com/it/partite/a125644d/Hellas-Verona-Lazio-19-Gennaio-2025-Serie-A
21;Dom;19-01-2025;20:45;Inter;2.1;3–1;0.4;Empoli;61.230;Stadio Giuseppe Meazza;Ermanno Feliciani;https://fbref.com/it/partite/94972e08/Internazionale-Empoli-19-Gennaio-2025-Serie-A
21;Lun;20-01-2025;20:45;Como;1.4;4–1;0.6;Udinese;9.566;Stadio Giuseppe Sinigaglia;Francesco Cosso;https://fbref.com/it/partite/0e2d0788/Como-Udinese-20-Gennaio-2025-Serie-A
22;Ven;24-01-2025;20:45;Torino;1.5;2–0;0.3;Cagliari;;Stadio Olimpico Grande Torino;Kevin Bonacina;https://fbref.com/it/partite/ef7d0127/Torino-Cagliari-24-Gennaio-2025-Serie-A
22;Sab;25-01-2025;15:00;Como;0.8;1–2;1.0;Atalanta;;Stadio Giuseppe Sinigaglia;Luca Pairetto;https://fbref.com/it/partite/b003f7e9/Como-Atalanta-25-Gennaio-2025-Serie-A
22;Sab;25-01-2025;18:00;Napoli;2.3;2–1;0.8;Juventus;;Stadio Diego Armando Maradona;Daniele Chiffi;https://fbref.com/it/partite/8e264909/Napoli-Juventus-25-Gennaio-2025-Serie-A
22;Sab;25-01-2025;20:45;Empoli;0.6;1–1;0.7;Bologna;;Stadio Carlo Castellani - Computer Gross...;Federico La Penna;https://fbref.com/it/partite/23c955ea/Empoli-Bologna-25-Gennaio-2025-Serie-A
22;Dom;26-01-2025;12:30;Milan;2.2;3–2;1.6;Parma;;Stadio Giuseppe Meazza;Rosario Abisso;https://fbref.com/it/partite/212a47ce/Milan-Parma-26-Gennaio-2025-Serie-A
22;Dom;26-01-2025;15:00;Udinese;0.8;1–2;2.7;Roma;;Bluenergy Stadium;Simone Sozza;https://fbref.com/it/partite/bab3336a/Udinese-Roma-26-Gennaio-2025-Serie-A
22;Dom;26-01-2025;18:00;Lecce;0.9;0–4;2.1;Inter;;Stadio Comunale Ettore Giardiniero;Livio Marinelli;https://fbref.com/it/partite/c93d7be3/Lecce-Internazionale-26-Gennaio-2025-Serie-A
22;Dom;26-01-2025;20:45;Lazio;1.4;1–2;0.7;Fiorentina;;Stadio Olimpico;Antonio Rapuano;https://fbref.com/it/partite/5f421e14/Lazio-Fiorentina-26-Gennaio-2025-Serie-A
22;Lun;27-01-2025;18:30;Venezia;0.6;1–1;1.6;Hellas Verona;;Stadio Pier Luigi Penzo;Gianluca Manganiello;https://fbref.com/it/partite/172aa746/Venezia-Hellas-Verona-27-Gennaio-2025-Serie-A
22;Lun;27-01-2025;20:45;Genoa;2.6;2–0;0.4;Monza;;Stadio Comunale Luigi Ferraris;Daniele Doveri;https://fbref.com/it/partite/3cf963e6/Genoa-Monza-27-Gennaio-2025-Serie-A
23;Ven;31-01-2025;20:45;Parma;1.9;1–3;0.7;Lecce;18.238;Stadio Ennio Tardini;Simone Sozza;https://fbref.com/it/partite/be735978/Parma-Lecce-31-Gennaio-2025-Serie-A
23;Sab;01-02-2025;15:00;Udinese;0.6;3–2;1.2;Venezia;;Bluenergy Stadium;Maurizio Mariani;https://fbref.com/it/partite/55a39dc2/Udinese-Venezia-1-Febbraio-2025-Serie-A
23;Sab;01-02-2025;15:00;Monza;0.4;0–1;0.9;Hellas Verona;;U-Power Stadium;Davide Massa;https://fbref.com/it/partite/95dc31fb/Monza-Hellas-Verona-1-Febbraio-2025-Serie-A
23;Sab;01-02-2025;18:00;Atalanta;2.9;1–1;0.6;Torino;;Gewiss Stadium;Marco Piccinini;https://fbref.com/it/partite/5ce2b496/Atalanta-Torino-1-Febbraio-2025-Serie-A
23;Sab;01-02-2025;20:45;Bologna;1.5;2–0;0.5;Como;;Stadio Renato Dall'Ara;Luca Massimi;https://fbref.com/it/partite/313b466d/Bologna-Como-1-Febbraio-2025-Serie-A
23;Dom;02-02-2025;12:30;Juventus;1.8;4–1;0.8;Empoli;;Allianz Stadium;Luca Zufferli;https://fbref.com/it/partite/448d4707/Juventus-Empoli-2-Febbraio-2025-Serie-A
23;Dom;02-02-2025;15:00;Fiorentina;0.7;2–1;1.6;Genoa;;Stadio Artemio Franchi;Giuseppe Collu;https://fbref.com/it/partite/d04f2be7/Fiorentina-Genoa-2-Febbraio-2025-Serie-A
23;Dom;02-02-2025;18:00;Milan;0.6;1–1;1.3;Inter;;Stadio Giuseppe Meazza;Daniele Chiffi;https://fbref.com/it/partite/c14ebb74/Derby-della-Madonnina-Milan-Internazionale-2-Febbraio-2025-Serie-A
23;Dom;02-02-2025;20:45;Roma;0.5;1–1;0.4;Napoli;;Stadio Olimpico;Michael Fabbri;https://fbref.com/it/partite/bc8eb4c8/Derby-del-Sole-Roma-Napoli-2-Febbraio-2025-Serie-A
23;Lun;03-02-2025;20:45;Cagliari;1.6;1–2;1.5;Lazio;;Unipol Domus;Gianluca Manganiello;https://fbref.com/it/partite/4b57b989/Cagliari-Lazio-3-Febbraio-2025-Serie-A
14;Gio;06-02-2025;20:45;Fiorentina;1.0;3–0;0.4;Inter;;Stadio Artemio Franchi;Daniele Doveri;https://fbref.com/it/partite/f7e35659/Fiorentina-Internazionale-6-Febbraio-2025-Serie-A
24;Ven;07-02-2025;20:45;Como;0.9;1–2;1.1;Juventus;;Stadio Giuseppe Sinigaglia;Rosario Abisso;https://fbref.com/it/partite/3278f598/Como-Juventus-7-Febbraio-2025-Serie-A
24;Sab;08-02-2025;15:00;Hellas Verona;1.6;0–5;2.2;Atalanta;;Stadio Marc'Antonio Bentegodi;Simone Sozza;https://fbref.com/it/partite/d1303859/Hellas-Verona-Atalanta-8-Febbraio-2025-Serie-A
24;Sab;08-02-2025;18:00;Empoli;0.7;0–2;1.3;Milan;;Stadio Carlo Castellani - Computer Gross...;Luca Pairetto;https://fbref.com/it/partite/3af8a61d/Empoli-Milan-8-Febbraio-2025-Serie-A
24;Sab;08-02-2025;20:45;Torino;0.7;1–1;0.3;Genoa;;Stadio Olimpico Grande Torino;Ermanno Feliciani;https://fbref.com/it/partite/094512d6/Torino-Genoa-8-Febbraio-2025-Serie-A
24;Dom;09-02-2025;12:30;Venezia;0.7;0–1;1.6;Roma;;Stadio Pier Luigi Penzo;Luca Zufferli;https://fbref.com/it/partite/99a32fd5/Venezia-Roma-9-Febbraio-2025-Serie-A
24;Dom;09-02-2025;15:00;Cagliari;1.2;2–1;0.8;Parma;;Unipol Domus;Marco Di Bello;https://fbref.com/it/partite/23f6ed48/Cagliari-Parma-9-Febbraio-2025-Serie-A
24;Dom;09-02-2025;15:00;Lazio;3.2;5–1;0.9;Monza;31.540;Stadio Olimpico;Gianluca Aureliano;https://fbref.com/it/partite/a8e48bad/Lazio-Monza-9-Febbraio-2025-Serie-A
24;Dom;09-02-2025;18:00;Lecce;0.4;0–0;0.8;Bologna;;Stadio Comunale Ettore Giardiniero;Francesco Fourneau;https://fbref.com/it/partite/2b41c316/Lecce-Bologna-9-Febbraio-2025-Serie-A
24;Dom;09-02-2025;20:45;Napoli;1.1;1–1;0.8;Udinese;;Stadio Diego Armando Maradona;Livio Marinelli;https://fbref.com/it/partite/2d512f04/Napoli-Udinese-9-Febbraio-2025-Serie-A
24;Lun;10-02-2025;20:45;Inter;2.2;2–1;0.9;Fiorentina;;Stadio Giuseppe Meazza;Federico La Penna;https://fbref.com/it/partite/ccfbf3d4/Internazionale-Fiorentina-10-Febbraio-2025-Serie-A
25;Ven;14-02-2025;20:45;Bologna;2.3;3–2;1.0;Torino;;Stadio Renato Dall'Ara;Michael Fabbri;https://fbref.com/it/partite/a88cd10b/Bologna-Torino-14-Febbraio-2025-Serie-A
25;Sab;15-02-2025;15:00;Atalanta;0.4;0–0;0.2;Cagliari;;Gewiss Stadium;Matteo Marchetti;https://fbref.com/it/partite/aad0599d/Atalanta-Cagliari-15-Febbraio-2025-Serie-A
25;Sab;15-02-2025;18:00;Lazio;0.7;2–2;0.3;Napoli;;Stadio Olimpico;Davide Massa;https://fbref.com/it/partite/95099d4b/Lazio-Napoli-15-Febbraio-2025-Serie-A
25;Sab;15-02-2025;20:45;Milan;2.1;1–0;0.4;Hellas Verona;;Stadio Giuseppe Meazza;Francesco Fourneau;https://fbref.com/it/partite/70955f6e/Milan-Hellas-Verona-15-Febbraio-2025-Serie-A
25;Dom;16-02-2025;12:30;Fiorentina;0.3;0–2;0.8;Como;;Stadio Artemio Franchi;Marco Piccinini;https://fbref.com/it/partite/02aa80e2/Fiorentina-Como-16-Febbraio-2025-Serie-A
25;Dom;16-02-2025;15:00;Udinese;2.3;3–0;2.1;Empoli;;Bluenergy Stadium;Daniele Doveri;https://fbref.com/it/partite/1fbf8daa/Udinese-Empoli-16-Febbraio-2025-Serie-A
25;Dom;16-02-2025;15:00;Monza;0.2;0–0;0.9;Lecce;;U-Power Stadium;Giuseppe Collu;https://fbref.com/it/partite/eccedcc2/Monza-Lecce-16-Febbraio-2025-Serie-A
25;Dom;16-02-2025;18:00;Parma;0.2;0–1;1.1;Roma;;Stadio Ennio Tardini;Daniele Chiffi;https://fbref.com/it/partite/375b1b94/Parma-Roma-16-Febbraio-2025-Serie-A
25;Dom;16-02-2025;20:45;Juventus;1.3;1–0;1.8;Inter;;Allianz Stadium;Maurizio Mariani;https://fbref.com/it/partite/1937abc6/Derby-dItalia-Juventus-Internazionale-16-Febbraio-2025-Serie-A
25;Lun;17-02-2025;20:45;Genoa;1.5;2–0;0.5;Venezia;;Stadio Comunale Luigi Ferraris;Livio Marinelli;https://fbref.com/it/partite/696a318f/Genoa-Venezia-17-Febbraio-2025-Serie-A
26;Ven;21-02-2025;20:45;Lecce;0.4;0–1;1.6;Udinese;;Stadio Comunale Ettore Giardiniero;Kevin Bonacina;https://fbref.com/it/partite/9ec509fe/Lecce-Udinese-21-Febbraio-2025-Serie-A
26;Sab;22-02-2025;15:00;Venezia;0.8;0–0;1.1;Lazio;8.796;Stadio Pier Luigi Penzo;Matteo Marchetti;https://fbref.com/it/partite/48f3bc32/Venezia-Lazio-22-Febbraio-2025-Serie-A
26;Sab;22-02-2025;15:00;Parma;1.1;2–0;0.7;Bologna;19.510;Stadio Ennio Tardini;Rosario Abisso;https://fbref.com/it/partite/ebb1f74f/Parma-Bologna-22-Febbraio-2025-Serie-A
26;Sab;22-02-2025;18:00;Torino;0.3;2–1;2.4;Milan;;Stadio Olimpico Grande Torino;Simone Sozza;https://fbref.com/it/partite/e6575a92/Torino-Milan-22-Febbraio-2025-Serie-A
26;Sab;22-02-2025;20:45;Inter;1.5;1–0;1.3;Genoa;;Stadio Giuseppe Meazza;Marco Piccinini;https://fbref.com/it/partite/d32f9068/Internazionale-Genoa-22-Febbraio-2025-Serie-A
26;Dom;23-02-2025;12:30;Como;0.7;2–1;1.2;Napoli;;Stadio Giuseppe Sinigaglia;Gianluca Manganiello;https://fbref.com/it/partite/f232cc45/Como-Napoli-23-Febbraio-2025-Serie-A
26;Dom;23-02-2025;15:00;Hellas Verona;1.2;1–0;1.4;Fiorentina;;Stadio Marc'Antonio Bentegodi;Marco Di Bello;https://fbref.com/it/partite/e156f514/Hellas-Verona-Fiorentina-23-Febbraio-2025-Serie-A
26;Dom;23-02-2025;18:00;Empoli;0.9;0–5;2.1;Atalanta;;Stadio Carlo Castellani - Computer Gross...;Maurizio Mariani;https://fbref.com/it/partite/89964eba/Empoli-Atalanta-23-Febbraio-2025-Serie-A
26;Dom;23-02-2025;20:45;Cagliari;0.3;0–1;2.1;Juventus;;Unipol Domus;Andrea Colombo;https://fbref.com/it/partite/e87e1d99/Cagliari-Juventus-23-Febbraio-2025-Serie-A
26;Lun;24-02-2025;20:45;Roma;1.5;4–0;0.3;Monza;;Stadio Olimpico;Fabio Maresca;https://fbref.com/it/partite/e00a9736/Roma-Monza-24-Febbraio-2025-Serie-A
9;Gio;27-02-2025;20:45;Bologna;2.0;2–1;0.8;Milan;;Stadio Renato Dall'Ara;Maurizio Mariani;https://fbref.com/it/partite/5f718bc4/Bologna-Milan-27-Febbraio-2025-Serie-A
27;Ven;28-02-2025;20:45;Fiorentina;1.6;1–0;0.9;Lecce;;Stadio Artemio Franchi;Livio Marinelli;https://fbref.com/it/partite/d99d1615/Fiorentina-Lecce-28-Febbraio-2025-Serie-A
27;Sab;01-03-2025;15:00;Atalanta;1.9;0–0;0.8;Venezia;;Gewiss Stadium;Giuseppe Collu;https://fbref.com/it/partite/af143178/Atalanta-Venezia-1-Marzo-2025-Serie-A
27;Sab;01-03-2025;18:00;Napoli;1.8;1–1;0.3;Inter;;Stadio Diego Armando Maradona;Daniele Doveri;https://fbref.com/it/partite/74de313e/Napoli-Internazionale-1-Marzo-2025-Serie-A
27;Sab;01-03-2025;20:45;Udinese;2.3;1–0;0.8;Parma;;Bluenergy Stadium;Fabio Maresca;https://fbref.com/it/partite/55b0643e/Udinese-Parma-1-Marzo-2025-Serie-A
27;Dom;02-03-2025;12:30;Monza;1.0;0–2;1.2;Torino;;U-Power Stadium;Antonio Rapuano;https://fbref.com/it/partite/ff368ffa/Monza-Torino-2-Marzo-2025-Serie-A
27;Dom;02-03-2025;15:00;Genoa;0.3;1–1;0.9;Empoli;;Stadio Comunale Luigi Ferraris;Davide Massa;https://fbref.com/it/partite/a38d0698/Genoa-Empoli-2-Marzo-2025-Serie-A
27;Dom;02-03-2025;15:00;Bologna;2.1;2–1;0.5;Cagliari;;Stadio Renato Dall'Ara;Luca Zufferli;https://fbref.com/it/partite/ece34ddb/Bologna-Cagliari-2-Marzo-2025-Serie-A
27;Dom;02-03-2025;18:00;Roma;1.6;2–1;1.2;Como;62.125;Stadio Olimpico;Luca Pairetto;https://fbref.com/it/partite/a7745557/Roma-Como-2-Marzo-2025-Serie-A
27;Dom;02-03-2025;20:45;Milan;1.4;1–2;3.0;Lazio;;Stadio Giuseppe Meazza;Gianluca Manganiello;https://fbref.com/it/partite/8ea3005d/Milan-Lazio-2-Marzo-2025-Serie-A
27;Lun;03-03-2025;20:45;Juventus;2.0;2–0;0.2;Hellas Verona;;Allianz Stadium;Matteo Marchetti;https://fbref.com/it/partite/3974ef83/Juventus-Hellas-Verona-3-Marzo-2025-Serie-A
28;Ven;07-03-2025;20:45;Cagliari;0.7;1–1;0.9;Genoa;;Unipol Domus;Michael Fabbri;https://fbref.com/it/partite/f3d49f01/Cagliari-Genoa-7-Marzo-2025-Serie-A
28;Sab;08-03-2025;15:00;Parma;1.6;2–2;0.7;Torino;;Stadio Ennio Tardini;Francesco Fourneau;https://fbref.com/it/partite/6074c57f/Parma-Torino-8-Marzo-2025-Serie-A
28;Sab;08-03-2025;15:00;Como;1.3;1–1;1.3;Venezia;;Stadio Giuseppe Sinigaglia;Giovanni Ayroldi;https://fbref.com/it/partite/80e5cecf/Como-Venezia-8-Marzo-2025-Serie-A
28;Sab;08-03-2025;18:00;Lecce;1.0;2–3;3.5;Milan;;Stadio Comunale Ettore Giardiniero;Daniele Doveri;https://fbref.com/it/partite/001d3a5d/Lecce-Milan-8-Marzo-2025-Serie-A
28;Sab;08-03-2025;20:45;Inter;2.6;3–2;0.6;Monza;;Stadio Giuseppe Meazza;Luca Zufferli;https://fbref.com/it/partite/86ce720b/Internazionale-Monza-8-Marzo-2025-Serie-A
28;Dom;09-03-2025;12:30;Hellas Verona;1.2;1–2;1.3;Bologna;24.612;Stadio Marc'Antonio Bentegodi;Antonio Rapuano;https://fbref.com/it/partite/396148a3/Hellas-Verona-Bologna-9-Marzo-2025-Serie-A
28;Dom;09-03-2025;15:00;Napoli;2.8;2–1;0.7;Fiorentina;;Stadio Diego Armando Maradona;Andrea Colombo;https://fbref.com/it/partite/33dc159c/Napoli-Fiorentina-9-Marzo-2025-Serie-A
28;Dom;09-03-2025;18:00;Empoli;0.1;0–1;2.0;Roma;;Stadio Carlo Castellani - Computer Gross...;Marco Di Bello;https://fbref.com/it/partite/ce1efae1/Empoli-Roma-9-Marzo-2025-Serie-A
28;Dom;09-03-2025;20:45;Juventus;0.9;0–4;3.2;Atalanta;;Allianz Stadium;Simone Sozza;https://fbref.com/it/partite/ecdc4b8d/Juventus-Atalanta-9-Marzo-2025-Serie-A
28;Lun;10-03-2025;20:45;Lazio;1.2;1–1;1.2;Udinese;;Stadio Olimpico;Marco Piccinini;https://fbref.com/it/partite/f9658b87/Lazio-Udinese-10-Marzo-2025-Serie-A
29;Ven;14-03-2025;20:45;Genoa;1.0;2–1;1.2;Lecce;;Stadio Comunale Luigi Ferraris;Fabio Maresca;https://fbref.com/it/partite/65b3e4b2/Genoa-Lecce-14-Marzo-2025-Serie-A
29;Sab;15-03-2025;15:00;Udinese;0.5;0–1;0.4;Hellas Verona;20.754;Bluenergy Stadium;Giovanni Ayroldi;https://fbref.com/it/partite/30070e2c/Udinese-Hellas-Verona-15-Marzo-2025-Serie-A
29;Sab;15-03-2025;15:00;Monza;0.7;1–1;0.7;Parma;9.251;U-Power Stadium;Gianluca Manganiello;https://fbref.com/it/partite/a90db6a7/Monza-Parma-15-Marzo-2025-Serie-A
29;Sab;15-03-2025;18:00;Milan;1.3;2–1;1.0;Como;;Stadio Giuseppe Meazza;Matteo Marchetti;https://fbref.com/it/partite/a7ffc114/Milan-Como-15-Marzo-2025-Serie-A
29;Sab;15-03-2025;20:45;Torino;0.6;1–0;0.9;Empoli;20.402;Stadio Olimpico Grande Torino;Daniele Chiffi;https://fbref.com/it/partite/f021f721/Torino-Empoli-15-Marzo-2025-Serie-A
29;Dom;16-03-2025;12:30;Venezia;0.7;0–0;1.7;Napoli;;Stadio Pier Luigi Penzo;Maurizio Mariani;https://fbref.com/it/partite/bebdb801/Venezia-Napoli-16-Marzo-2025-Serie-A
29;Dom;16-03-2025;15:00;Bologna;2.2;5–0;0.5;Lazio;;Stadio Renato Dall'Ara;Andrea Colombo;https://fbref.com/it/partite/6ea9a6f4/Bologna-Lazio-16-Marzo-2025-Serie-A
29;Dom;16-03-2025;16:00;Roma;1.3;1–0;0.8;Cagliari;;Stadio Olimpico;Marco Piccinini;https://fbref.com/it/partite/4fb25784/Roma-Cagliari-16-Marzo-2025-Serie-A
29;Dom;16-03-2025;18:00;Fiorentina;0.4;3–0;0.8;Juventus;22.253;Stadio Artemio Franchi;Michael Fabbri;https://fbref.com/it/partite/8c211ded/Fiorentina-Juventus-16-Marzo-2025-Serie-A
29;Dom;16-03-2025;20:45;Atalanta;0.6;0–2;2.2;Inter;;Gewiss Stadium;Davide Massa;https://fbref.com/it/partite/0247cede/Atalanta-Internazionale-16-Marzo-2025-Serie-A
