Giocatore;Ruolo;Squadra;Età;Minuti Giocati;Cartellini Gialli;Cartellini Rossi;Cartellini Gialli/Rossi;Falli;Fallo Subito;Fuorigioco;Cross;Intercettazioni;Tackle Vinti;Rigori Guadagnati;Rigori Concessi;Autoreti;Recupero Palla;Aerei Vinti;Aerei Persi;Percentuale Aerei Vinti;Link Giocatore
James Abankwah;Dif.Cen;Udinese;21;1.0;1;0;0;4;3;0;0;1;2;0;0;0;7;2;2;50.0;https://fbref.com/it/calciatori/4b7a9fcc/James-Abankwah
Saud Abdulhamid;Dif;Roma;25;2.3;0;0;0;2;5;0;7;2;2;0;1;0;3;0;1;0.0;https://fbref.com/it/calciatori/caa254e4/Saud-Abdulhamid
Oliver Abildgaard;Cen;Como;28;0.1;0;0;0;0;1;0;0;0;0;0;0;0;0;0;0;;https://fbref.com/it/calciatori/8f5cdf66/Oliver-Abildgaard
Tammy Abraham;Att;Roma;27;0.0;0;0;0;0;0;0;0;0;0;0;0;0;0;1;0;100.0;https://fbref.com/it/calciatori/f586779e/Tammy-Abraham
Tammy Abraham;Att;Milan;27;12.3;1;0;0;21;8;6;3;2;10;1;0;0;11;32;33;49.2;https://fbref.com/it/calciatori/f586779e/Tammy-Abraham
Federico Accornero;Cen;Genoa;21;0.1;0;0;0;0;0;0;1;0;0;0;0;0;1;0;1;0.0;https://fbref.com/it/calciatori/83763653/Federico-Accornero
Francesco Acerbi;Dif;Inter;37;15.4;0;0;0;10;16;1;7;24;16;0;0;0;46;46;24;65.7;https://fbref.com/it/calciatori/b96b595c/Francesco-Acerbi
Zach Adams;Att;Torino;28;24.0;2;0;0;24;30;17;9;2;3;0;0;0;43;31;52;37.3;https://fbref.com/it/calciatori/f2bf1b0f/Zach-Adams
Yacine Adli;Cen;Fiorentina;24;12.7;3;1;1;9;18;0;58;6;18;0;0;0;72;5;16;23.8;https://fbref.com/it/calciatori/26777636/Yacine-Adli
Vasilije Adžić;Cen.Att;Juventus;18;0.3;0;0;0;1;0;0;0;0;2;0;0;0;2;2;2;50.0;https://fbref.com/it/calciatori/8b0f9fb8/Vasilije-Adzic
Michel Aebischer;Cen;Bologna;28;5.7;1;0;0;13;11;0;9;5;8;0;0;0;25;4;7;36.4;https://fbref.com/it/calciatori/f9c927de/Michel-Aebischer
Honest Ahanor;Dif;Genoa;17;0.9;0;0;0;0;4;0;1;0;1;0;0;0;5;0;1;0.0;https://fbref.com/it/calciatori/42ff58c3/Honest-Ahanor
Junior Ajayi;Att;Hellas Verona;20;0.1;0;0;0;1;1;0;0;0;0;0;0;0;1;0;0;;https://fbref.com/it/calciatori/cab600a8/Junior-Ajayi
Jean-Daniel Akpa-Akpro;Cen.Dif;Monza;32;5.3;2;0;0;16;6;0;4;6;9;0;0;0;33;8;12;40.0;https://fbref.com/it/calciatori/fdf4b948/Jean-Daniel-Akpa-Akpro
David Akpan Ankeye;Att.Cen;Genoa;23;0.5;0;0;0;3;1;0;0;0;0;0;0;0;0;0;1;0.0;https://fbref.com/it/calciatori/8c4b95af/David-Akpan-Ankeye
Faride Alidou;Att.Cen;Hellas Verona;23;0.8;0;0;0;1;0;0;3;1;0;0;0;0;0;1;0;100.0;https://fbref.com/it/calciatori/00f518d8/Faride-Alidou
Dele Alli;Cen;Como;29;0.1;0;1;0;1;0;0;0;0;0;0;0;0;0;0;0;;https://fbref.com/it/calciatori/cea4ee8f/Dele-Alli
Pontus Almqvist;Att.Cen;Parma;25;12.3;5;0;0;15;15;2;11;19;12;1;0;0;40;9;15;37.5;https://fbref.com/it/calciatori/0917188a/Pontus-Almqvist
Giorgio Altare;Dif;Venezia;26;8.4;2;0;0;10;2;0;7;17;12;0;0;1;27;19;17;52.8;https://fbref.com/it/calciatori/aa5322d5/Giorgio-Altare
Sofyan Amrabat;Cen;Fiorentina;28;2.0;0;0;0;4;1;0;3;0;2;0;0;0;7;1;1;50.0;https://fbref.com/it/calciatori/5a2cb25d/Sofyan-Amrabat
Angeliño;Dif;Roma;28;29.3;1;0;0;28;23;4;91;25;23;1;0;0;86;28;26;51.9;https://fbref.com/it/calciatori/30941e96/Angelino
Lorenzo Anghelè;Att;Juventus;20;0.1;0;0;0;0;0;0;0;0;0;0;0;0;0;0;2;0.0;https://fbref.com/it/calciatori/b2f3d550/Lorenzo-Anghele
Faustino Anjorin;Cen;Empoli;23;10.9;2;0;0;20;16;0;13;11;12;0;1;0;58;9;10;47.4;https://fbref.com/it/calciatori/b105919e/Faustino-Anjorin
Marko Arnautović;Att;Inter;36;4.0;1;0;0;4;3;5;4;1;6;0;0;0;9;7;4;63.6;https://fbref.com/it/calciatori/00459419/Marko-Arnautovic
Kristjan Asllani;Cen;Inter;23;8.0;4;0;0;8;14;0;31;7;2;0;0;0;41;3;3;50.0;https://fbref.com/it/calciatori/0fdcef0e/Kristjan-Asllani
Arthur Atta;Cen.Att;Udinese;22;9.3;3;0;0;12;11;0;18;4;11;0;0;0;38;11;14;44.0;https://fbref.com/it/calciatori/d3ddf88b/Arthur-Atta
Emil Audero;Por;Como;28;8.0;0;0;0;0;1;0;0;0;0;0;0;0;12;2;1;66.7;https://fbref.com/it/calciatori/649b01d8/Emil-Audero
Tommaso Augello;Dif.Att;Cagliari;30;24.5;3;0;0;13;10;2;183;15;25;0;0;0;115;39;20;66.1;https://fbref.com/it/calciatori/3cd3b384/Tommaso-Augello
Carlos Augusto;Dif;Inter;26;14.0;0;0;0;7;9;3;19;8;11;0;0;0;45;44;24;64.7;https://fbref.com/it/calciatori/8d3cd59d/Carlos-Augusto
Yann Aurel Bisseck;Dif;Inter;24;14.5;3;0;0;11;8;1;6;14;10;0;1;0;50;40;12;76.9;https://fbref.com/it/calciatori/3963c25b/Yann-Aurel-Bisseck
Paulo Azzi;Dif;Cagliari;30;4.7;2;0;0;5;3;0;22;5;9;0;0;0;24;6;5;54.5;https://fbref.com/it/calciatori/967ac202/Paulo-Azzi
Oussama El Azzouzi;Cen;Bologna;23;0.1;0;0;0;0;2;0;0;2;0;0;0;0;0;0;0;;https://fbref.com/it/calciatori/85f476cc/Oussama-El-Azzouzi
Jacopo Bacci;Cen;Empoli;19;0.3;0;0;0;0;1;0;0;1;0;0;0;0;0;1;0;100.0;https://fbref.com/it/calciatori/9ce30308/Jacopo-Bacci
Milan Badelj;Cen;Genoa;36;15.6;2;0;0;17;17;0;5;18;15;0;0;0;70;10;6;62.5;https://fbref.com/it/calciatori/e8c930bb/Milan-Badelj
Mitchel Bakker;Cen;Atalanta;24;0.2;0;0;0;1;0;0;1;0;0;0;0;0;2;1;1;50.0;https://fbref.com/it/calciatori/a8567629/Mitchel-Bakker
Tommaso Baldanzi;Cen.Att;Roma;22;7.7;2;0;0;5;14;0;6;5;4;0;0;0;44;1;3;25.0;https://fbref.com/it/calciatori/102e2599/Tommaso-Baldanzi
Keita Baldé Diao;Att;Monza;30;5.2;1;0;0;7;19;1;5;1;1;0;0;0;8;3;11;21.4;https://fbref.com/it/calciatori/509a4ccb/Keita-Balde-Diao
Botond Balogh;Dif;Parma;22;20.4;4;0;0;15;6;0;1;24;9;0;2;0;59;31;28;52.5;https://fbref.com/it/calciatori/348bafd4/Botond-Balogh
Mario Balotelli;Att.Cen;Genoa;34;0.7;2;0;0;2;2;0;3;0;0;0;0;0;1;2;2;50.0;https://fbref.com/it/calciatori/8ff07990/Mario-Balotelli
Lameck Banda;Att.Cen;Lecce;24;6.1;1;0;0;9;18;2;22;2;5;0;0;0;24;2;13;13.3;https://fbref.com/it/calciatori/8a6de8c7/Lameck-Banda
Daniel Bandeira;Cen;Hellas Verona;25;4.5;1;0;0;4;4;0;8;6;0;0;0;0;36;7;3;70.0;https://fbref.com/it/calciatori/56fca564/Daniel-Bandeira
Mattia Bani;Dif;Genoa;31;14.8;3;0;0;5;8;1;4;19;9;0;0;0;50;21;21;50.0;https://fbref.com/it/calciatori/0821331c/Mattia-Bani
Antonín Barák;Cen;Fiorentina;30;0.6;0;0;0;0;0;0;1;0;0;0;0;0;2;0;1;0.0;https://fbref.com/it/calciatori/01efac19/Antonin-Barak
Federico Barba;Dif;Como;31;4.8;0;0;0;3;1;0;3;4;2;0;0;0;19;5;8;38.5;https://fbref.com/it/calciatori/c010b898/Federico-Barba
Nicolò Barella;Cen;Inter;28;24.2;4;0;0;22;29;4;56;10;29;0;0;0;145;22;23;48.9;https://fbref.com/it/calciatori/6928979a/Nicolo-Barella
Davide Bartesaghi;Dif.Cen;Milan;19;0.6;0;1;0;1;0;1;6;2;1;0;0;0;1;1;0;100.0;https://fbref.com/it/calciatori/7e0b6c50/Davide-Bartesaghi
Federico Baschirotto;Dif;Lecce;28;32.0;3;0;0;27;6;0;4;20;21;0;3;0;81;81;47;63.3;https://fbref.com/it/calciatori/5a08ee41/Federico-Baschirotto
Daniele Baselli;Cen;Como;33;0.2;0;0;0;0;1;0;0;1;0;0;0;0;0;0;1;0.0;https://fbref.com/it/calciatori/ea06dd97/Daniele-Baselli
Alessandro Bastoni;Dif;Inter;26;24.1;5;1;1;38;36;1;61;21;18;0;0;0;84;38;24;61.3;https://fbref.com/it/calciatori/75b86fb3/Alessandro-Bastoni
Reda Belahyane;Cen;Hellas Verona;20;18.4;6;1;1;31;9;0;3;10;26;0;0;0;109;5;15;25.0;https://fbref.com/it/calciatori/705a1642/Reda-Belahyane
Reda Belahyane;Cen;Lazio;20;2.1;0;0;0;3;1;0;0;1;6;0;0;0;13;2;0;100.0;https://fbref.com/it/calciatori/705a1642/Reda-Belahyane
Raoul Bellanova;Dif;Torino;24;1.0;0;0;0;1;1;0;5;0;0;0;0;0;4;1;0;100.0;https://fbref.com/it/calciatori/e3756e72/Raoul-Bellanova
Raoul Bellanova;Dif;Atalanta;24;22.1;3;0;0;14;31;0;131;17;13;0;0;0;98;21;19;52.5;https://fbref.com/it/calciatori/e3756e72/Raoul-Bellanova
Andrea Belotti;Att;Como;31;6.6;1;0;0;9;19;5;5;1;5;0;0;0;17;18;26;40.9;https://fbref.com/it/calciatori/d705ba44/Andrea-Belotti
Lucas Beltrán;Cen.Att;Fiorentina;24;17.8;3;0;0;21;37;3;7;4;10;1;0;0;53;21;47;30.9;https://fbref.com/it/calciatori/482d2bc3/Lucas-Beltran
Adrian Benedyczak;Att.Cen;Parma;24;2.2;0;0;0;3;5;1;1;0;0;0;0;0;3;9;11;45.0;https://fbref.com/it/calciatori/3f448184/Adrian-Benedyczak
Ismaël Bennacer;Cen;Milan;27;3.3;2;0;0;5;5;0;6;3;4;0;0;0;17;3;1;75.0;https://fbref.com/it/calciatori/db092d3b/Ismael-Bennacer
Medon Berisha;Cen;Lecce;21;6.2;4;0;0;12;8;0;19;9;6;0;0;0;27;5;5;50.0;https://fbref.com/it/calciatori/9d376bef/Medon-Berisha
Adrian Bernabe;Cen;Parma;23;15.0;1;0;0;9;34;0;27;6;18;0;0;0;67;4;2;66.7;https://fbref.com/it/calciatori/548672b4/Adrian-Bernabe
Antoine Bernede;Cen;Hellas Verona;25;4.1;1;0;0;11;3;0;5;4;4;0;0;0;22;5;5;50.0;https://fbref.com/it/calciatori/07a821e4/Antoine-Bernede
Sam Beukema;Dif;Bologna;26;29.5;0;0;0;25;33;1;6;26;26;0;1;0;123;81;63;56.3;https://fbref.com/it/calciatori/de13cee5/Sam-Beukema
Alessandro Bianco;Cen;Monza;22;23.4;7;0;0;35;43;3;19;19;24;0;1;0;106;11;22;33.3;https://fbref.com/it/calciatori/d65cf468/Alessandro-Bianco
Alessandro Bianco;Cen;Fiorentina;22;0.2;0;0;0;0;0;0;0;0;0;0;0;0;3;0;0;;https://fbref.com/it/calciatori/d65cf468/Alessandro-Bianco
Jaka Bijol;Dif;Udinese;26;30.0;9;0;0;43;8;2;2;35;22;0;1;1;90;102;51;66.7;https://fbref.com/it/calciatori/6fdac234/Jaka-Bijol
Philip Billing;Cen;Napoli;28;1.3;0;0;0;5;1;0;0;3;4;0;1;0;3;9;5;64.3;https://fbref.com/it/calciatori/d328a254/Philip-Billing
Cristiano Biraghi;Dif;Torino;32;7.2;0;0;0;7;8;0;50;7;9;0;0;1;23;4;9;30.8;https://fbref.com/it/calciatori/9e1577aa/Cristiano-Biraghi
Cristiano Biraghi;Dif;Fiorentina;32;4.8;1;0;0;4;7;0;30;4;4;0;0;0;10;2;3;40.0;https://fbref.com/it/calciatori/9e1577aa/Cristiano-Biraghi
Samuele Birindelli;Dif.Cen;Monza;25;10.8;2;0;0;14;13;2;49;7;13;0;0;0;37;5;10;33.3;https://fbref.com/it/calciatori/204ac005/Samuele-Birindelli
Bjarki Bjarkason;Dif.Cen;Venezia;24;1.8;2;0;0;2;8;0;7;2;2;0;0;0;9;0;0;;https://fbref.com/it/calciatori/f1d25de7/Bjarki-Bjarkason
Emil Bohinen;Cen;Genoa;26;1.8;0;0;0;3;3;0;0;1;4;0;0;0;9;2;1;66.7;https://fbref.com/it/calciatori/c83c203f/Emil-Bohinen
Warren Bondo;Cen;Monza;21;18.0;5;1;1;31;36;1;7;5;24;0;0;0;91;5;8;38.5;https://fbref.com/it/calciatori/0def2376/Warren-Bondo
Warren Bondo;Cen;Milan;21;1.8;1;0;0;1;4;0;1;0;3;0;0;0;12;1;1;50.0;https://fbref.com/it/calciatori/0def2376/Warren-Bondo
Kevin Bonifazi;Dif;Lecce;28;0.7;0;0;0;0;0;0;0;2;1;0;0;0;7;1;1;50.0;https://fbref.com/it/calciatori/fb77bfef/Kevin-Bonifazi
Ange-Yoan Bonny;Att;Parma;21;22.8;2;0;0;17;36;12;12;2;10;1;0;0;51;19;58;24.7;https://fbref.com/it/calciatori/64629ba4/Ange-Yoan-Bonny
Edoardo Bove;Cen.Att;Fiorentina;22;9.5;3;0;0;16;21;0;2;6;17;1;0;0;45;11;15;42.3;https://fbref.com/it/calciatori/ae94a6c5/Edoardo-Bove
Domagoj Bradarić;Dif;Hellas Verona;25;17.0;6;0;0;16;12;3;62;12;21;0;0;0;61;16;20;44.4;https://fbref.com/it/calciatori/8bbe2df5/Domagoj-Bradaric
Matthias Braunöder;Cen;Como;23;3.0;3;1;1;10;5;0;0;2;4;0;0;0;8;1;4;20.0;https://fbref.com/it/calciatori/bce728e1/Matthias-Braunoder
Iker Bravo;Att.Cen;Udinese;20;6.2;3;0;0;10;10;1;7;0;5;0;0;0;27;11;23;32.4;https://fbref.com/it/calciatori/db8c8860/Iker-Bravo
Gleison Bremer;Dif;Juventus;28;6.0;2;0;0;9;5;0;0;6;7;0;0;0;23;11;7;61.1;https://fbref.com/it/calciatori/5fd5ed86/Gleison-Bremer
Brenner;Cen.Att;Udinese;25;4.3;0;0;0;0;5;0;11;1;4;0;0;0;16;2;3;40.0;https://fbref.com/it/calciatori/279508bf/Brenner
Marco Brescianini;Cen;Atalanta;25;9.4;1;0;0;19;7;2;18;2;9;0;0;0;43;9;10;47.4;https://fbref.com/it/calciatori/dfd56738/Marco-Brescianini
Arvid Brorsson;Dif;Monza;25;1.2;0;0;0;0;0;0;0;0;2;0;0;0;3;3;2;60.0;https://fbref.com/it/calciatori/9f2989f4/Arvid-Brorsson
Tajon Buchanan;Dif.Att;Inter;26;1.1;0;0;0;2;4;0;3;0;0;0;0;0;6;1;0;100.0;https://fbref.com/it/calciatori/3aca6420/Tajon-Buchanan
Alessandro Buongiorno;Dif;Napoli;25;20.7;2;0;0;16;18;1;1;34;22;0;0;0;84;42;21;66.7;https://fbref.com/it/calciatori/4ae67f27/Alessandro-Buongiorno
Rareș-Cătălin Burnete;Att;Lecce;21;0.2;0;0;0;0;0;0;0;0;0;0;0;0;2;0;1;0.0;https://fbref.com/it/calciatori/7c4b4e36/Rares-Catalin-Burnete
Gianluca Busio;Cen;Venezia;22;23.4;3;0;0;21;40;3;25;17;29;1;0;0;93;23;27;46.0;https://fbref.com/it/calciatori/4a0b7f07/Gianluca-Busio
Jean Butez;Por;Como;29;14.0;0;0;0;1;1;0;0;0;0;0;1;0;39;5;0;100.0;https://fbref.com/it/calciatori/7f40333d/Jean-Butez
Liberato Cacace;Dif.Cen;Empoli;24;20.3;4;0;0;21;14;4;77;18;21;0;0;0;78;35;41;46.1;https://fbref.com/it/calciatori/dd86e8e4/Liberato-Cacace
Davide Calabria;Dif;Bologna;28;4.9;2;0;0;5;4;0;11;0;6;0;0;0;27;6;6;50.0;https://fbref.com/it/calciatori/2146785a/Davide-Calabria
Davide Calabria;Dif;Milan;28;3.5;0;0;0;3;4;0;16;8;7;0;0;0;16;2;0;100.0;https://fbref.com/it/calciatori/2146785a/Davide-Calabria
Luca Caldirola;Dif;Monza;34;6.3;3;0;0;14;11;1;1;4;4;0;0;0;13;9;9;50.0;https://fbref.com/it/calciatori/226008f1/Luca-Caldirola
Hakan Çalhanoğlu;Cen;Inter;31;17.7;3;0;0;13;12;0;103;15;18;0;1;0;93;13;17;43.3;https://fbref.com/it/calciatori/cd0fa27b/Hakan-Calhanoglu
Drissa Camara;Cen.Att;Parma;23;4.4;3;0;0;15;14;1;5;2;7;1;0;0;22;3;9;25.0;https://fbref.com/it/calciatori/543d9d2b/Drissa-Camara
Francesco Camarda;Att.Cen;Milan;17;1.8;0;0;0;6;1;2;1;0;2;0;0;0;4;5;6;45.5;https://fbref.com/it/calciatori/1956a64b/Francesco-Camarda
Nicolò Cambiaghi;Att;Bologna;24;4.1;0;0;0;7;18;0;25;2;7;1;0;0;19;3;7;30.0;https://fbref.com/it/calciatori/91ff775f/Nicolo-Cambiaghi
Andrea Cambiaso;Dif.Att;Juventus;25;20.7;4;0;0;25;21;3;41;14;23;0;0;0;98;5;10;33.3;https://fbref.com/it/calciatori/247ed022/Andrea-Cambiaso
Thomas Campaniello;Att;Empoli;17;0.3;0;0;0;0;1;0;0;0;0;0;0;0;0;1;2;33.3;https://fbref.com/it/calciatori/cb88e494/Thomas-Campaniello
Matteo Cancellieri;Att.Cen;Parma;23;15.8;2;1;0;25;41;2;21;13;16;0;0;0;55;29;28;50.9;https://fbref.com/it/calciatori/b6a1cdf9/Matteo-Cancellieri
Fali Candé;Dif;Venezia;27;11.0;3;0;0;17;15;0;2;9;16;0;0;0;59;27;20;57.4;https://fbref.com/it/calciatori/3cc4bb19/Fali-Cande
Antonio Candela;Dif;Venezia;24;11.2;2;0;0;14;4;0;22;8;21;0;2;1;38;14;13;51.9;https://fbref.com/it/calciatori/d4307c52/Antonio-Candela
Gianluca Caprari;Cen.Att;Monza;31;13.1;3;0;0;13;34;3;65;3;10;0;0;0;48;3;9;25.0;https://fbref.com/it/calciatori/54e53b7e/Gianluca-Caprari
Elia Caprile;Por;Cagliari;23;13.0;0;0;0;0;6;0;0;0;0;0;0;0;13;2;0;100.0;https://fbref.com/it/calciatori/97d7afbd/Elia-Caprile
Elia Caprile;Por;Napoli;23;3.6;0;0;0;0;0;0;0;0;0;0;0;0;3;1;0;100.0;https://fbref.com/it/calciatori/97d7afbd/Elia-Caprile
Francesco Caputo;Att;Empoli;37;0.1;0;0;0;0;0;0;0;0;0;0;0;0;1;0;0;;https://fbref.com/it/calciatori/5bd72174/Francesco-Caputo
Maxence Caqueret;Cen;Como;25;8.3;2;0;0;8;6;0;12;3;13;0;0;0;42;2;6;25.0;https://fbref.com/it/calciatori/f81ef10d/Maxence-Caqueret
Andrea Carboni;Dif;Monza;24;19.3;4;0;0;27;14;0;11;22;25;0;1;0;50;31;35;47.0;https://fbref.com/it/calciatori/f7e2af2c/Andrea-Carboni
Franco Carboni;Dif;Venezia;22;2.5;2;0;0;3;2;0;8;0;3;1;0;0;13;2;3;40.0;https://fbref.com/it/calciatori/b033f803/Franco-Carboni
Marco Carnesecchi;Por;Atalanta;24;29.0;1;0;0;0;4;0;0;0;0;0;0;0;48;6;0;100.0;https://fbref.com/it/calciatori/8ec56e62/Marco-Carnesecchi
Cesare Casadei;Cen;Torino;22;6.9;0;0;0;8;7;0;2;2;4;0;1;0;28;32;15;68.1;https://fbref.com/it/calciatori/fb920f3a/Cesare-Casadei
Nicolò Casale;Dif;Bologna;27;8.0;1;0;0;18;4;0;0;13;4;0;0;1;34;29;22;56.9;https://fbref.com/it/calciatori/3f5f38fb/Nicolo-Casale
Nicolò Casale;Dif;Lazio;27;1.5;0;0;0;2;0;0;0;1;3;0;0;0;1;6;0;100.0;https://fbref.com/it/calciatori/3f5f38fb/Nicolo-Casale
Federico Cassa;Cen.Att;Atalanta;19;0.2;0;0;0;2;1;0;0;0;0;1;0;0;1;0;0;;https://fbref.com/it/calciatori/5f209d47/Federico-Cassa
Valentín Castellanos;Att;Lazio;26;20.5;6;1;0;32;34;12;22;5;5;1;0;0;38;58;52;52.7;https://fbref.com/it/calciatori/da76bab4/Valentin-Castellanos
Santiago Castro;Att;Bologna;20;23.7;5;0;0;46;49;9;7;3;9;0;0;1;66;35;64;35.4;https://fbref.com/it/calciatori/ee5565ae/Santiago-Castro
Gaetano Castrovilli;Cen;Monza;28;3.4;0;0;0;5;1;1;7;2;4;0;0;0;11;0;1;0.0;https://fbref.com/it/calciatori/0728bebe/Gaetano-Castrovilli
Gaetano Castrovilli;Cen.Att;Lazio;28;1.6;0;0;0;4;1;0;0;3;2;0;0;0;8;0;0;;https://fbref.com/it/calciatori/0728bebe/Gaetano-Castrovilli
Danilo Cataldi;Cen;Fiorentina;30;17.2;1;0;0;15;18;0;20;20;15;0;0;0;106;3;5;37.5;https://fbref.com/it/calciatori/ba3d3bea/Danilo-Cataldi
Zeki Çelik;Dif;Roma;28;19.2;3;0;0;26;9;0;34;11;28;0;1;0;61;27;21;56.3;https://fbref.com/it/calciatori/31a62dc7/Zeki-Celik
Alberto Cerri;Att;Como;29;1.0;0;0;0;3;1;2;0;0;0;0;0;0;3;4;4;50.0;https://fbref.com/it/calciatori/1079c685/Alberto-Cerri
Gabriel Charpentier;Att;Parma;25;3.0;1;0;0;13;10;0;2;0;3;1;0;0;12;9;14;39.1;https://fbref.com/it/calciatori/c52bea9e/Gabriel-Charpentier
Walid Cheddira;Att;Napoli;27;0.1;0;0;0;0;0;0;0;0;0;0;0;0;0;0;1;0.0;https://fbref.com/it/calciatori/0545a08e/Walid-Cheddira
Leandro Chichizola;Por;Parma;35;1.0;0;0;0;0;0;0;0;0;0;0;0;0;0;1;0;100.0;https://fbref.com/it/calciatori/8d957256/Leandro-Chichizola
Samuel Chukwueze;Att.Cen;Milan;25;9.4;0;0;0;3;10;3;49;2;8;0;0;0;32;6;8;42.9;https://fbref.com/it/calciatori/b8a642fc/Samuel-Chukwueze
Aaron Ciammaglichella;Cen;Torino;20;0.0;0;0;0;0;0;0;0;0;0;0;0;0;0;0;0;;https://fbref.com/it/calciatori/20525799/Aaron-Ciammaglichella
Alessandro Circati;Dif;Parma;21;4.0;1;0;0;3;2;0;0;2;2;0;0;0;5;5;3;62.5;https://fbref.com/it/calciatori/1223765c/Alessandro-Circati
Alphadjo Cissè;Att.Cen;Hellas Verona;18;0.1;0;0;0;1;0;0;0;0;0;0;0;0;0;1;0;100.0;https://fbref.com/it/calciatori/d079becb/Alphadjo-Cisse
Patrick Ciurria;Cen.Dif;Monza;30;10.9;1;0;0;16;11;0;55;6;12;0;0;0;29;5;15;25.0;https://fbref.com/it/calciatori/5de3866c/Patrick-Ciurria
Saúl Coco;Dif;Torino;26;29.9;10;0;0;52;16;0;1;37;22;0;0;1;83;61;55;52.6;https://fbref.com/it/calciatori/d0ee1652/Saul-Coco
Lorenzo Colombo;Att.Cen;Empoli;23;22.3;3;0;0;39;34;6;10;2;12;0;0;0;64;48;107;31.0;https://fbref.com/it/calciatori/04df29a5/Lorenzo-Colombo
Andrea Colpani;Att.Cen;Fiorentina;25;15.7;1;0;0;21;22;1;32;9;9;0;0;0;45;10;14;41.7;https://fbref.com/it/calciatori/6499048c/Andrea-Colpani
Florinel Coman;Att.Cen;Cagliari;27;2.5;1;0;0;6;7;0;2;1;3;0;0;0;12;4;2;66.7;https://fbref.com/it/calciatori/a9440c25/Florinel-Coman
Pietro Comuzzo;Dif;Fiorentina;20;21.7;5;0;0;22;11;0;1;25;17;0;0;0;72;60;41;59.4;https://fbref.com/it/calciatori/5e3ecc35/Pietro-Comuzzo
Francisco Conceição;Att.Cen;Juventus;22;11.9;5;1;1;20;26;2;50;4;8;0;0;0;40;1;9;10.0;https://fbref.com/it/calciatori/5ef3d210/Francisco-Conceicao
Diego Coppola;Dif;Hellas Verona;21;27.5;9;0;0;40;0;0;0;63;32;0;0;0;74;107;60;64.1;https://fbref.com/it/calciatori/22ae86f9/Diego-Coppola
Maxwel Cornet;Att.Cen;Genoa;28;2.6;0;0;0;0;1;1;8;2;1;0;0;0;13;1;8;11.1;https://fbref.com/it/calciatori/beb391dd/Maxwel-Cornet
Joaquín Correa;Att.Cen;Inter;30;3.9;2;0;0;5;7;1;3;0;2;0;0;0;14;4;11;26.7;https://fbref.com/it/calciatori/45b9b619/Joaquin-Correa
Alberto costa;Dif;Juventus;21;1.1;0;0;0;3;1;0;1;0;4;0;0;0;7;1;2;33.3;https://fbref.com/it/calciatori/4d36e5ae/Alberto-costa
Lassana Coulibaly;Cen;Lecce;29;24.1;2;0;0;30;36;0;10;16;23;1;1;0;121;26;31;45.6;https://fbref.com/it/calciatori/85a44ecc/Lassana-Coulibaly
Woyo Coulibaly;Dif;Parma;25;12.0;1;1;0;12;12;1;5;8;10;1;0;1;60;9;9;50.0;https://fbref.com/it/calciatori/beb6e3a6/Woyo-Coulibaly
Bryan Cristante;Cen;Roma;30;17.0;7;0;0;26;8;0;7;14;21;0;0;0;89;39;37;51.3;https://fbref.com/it/calciatori/16657b95/Bryan-Cristante
Domen Črnigoj;Cen;Venezia;29;1.5;0;0;0;2;4;0;2;4;2;0;0;0;8;2;5;28.6;https://fbref.com/it/calciatori/22cd43d2/Domen-Crnigoj
Juan Cuadrado;Dif.Cen;Atalanta;36;7.7;1;0;0;4;22;0;42;5;8;0;0;0;25;10;2;83.3;https://fbref.com/it/calciatori/0ab1f153/Juan-Cuadrado
Patrick Cutrone;Att;Como;27;20.3;1;0;0;20;23;18;28;3;10;1;0;0;50;22;59;27.2;https://fbref.com/it/calciatori/a4fe8cda/Patrick-Cutrone
Wylan Cyprien;Cen;Parma;30;0.3;0;0;0;0;0;0;0;1;0;0;0;0;6;0;0;;https://fbref.com/it/calciatori/3e092724/Wylan-Cyprien
Danilo D'Ambrosio;Dif;Monza;36;12.2;2;1;0;18;11;3;9;15;15;0;0;0;46;16;23;41.0;https://fbref.com/it/calciatori/44eb9093/Danilo-DAmbrosio
Lucas Da Cunha;Cen;Como;23;23.4;4;0;0;18;22;1;90;13;17;0;0;0;122;13;19;40.6;https://fbref.com/it/calciatori/007faf7a/Lucas-Da-Cunha
Samuel Dahl;Dif.Cen;Roma;25;0.5;0;0;0;2;0;0;1;0;2;0;0;0;1;0;1;0.0;https://fbref.com/it/calciatori/bbe7d20b/Samuel-Dahl
Thijs Dallinga;Att;Bologna;24;8.9;1;0;0;21;12;4;2;1;5;1;0;0;34;31;23;57.4;https://fbref.com/it/calciatori/b70afb45/Thijs-Dallinga
Maat Daniel Caprini;Att;Fiorentina;19;0.1;0;0;0;0;0;1;0;0;0;0;0;0;2;0;2;0.0;https://fbref.com/it/calciatori/183934cd/Maat-Daniel-Caprini
Flavius Daniliuc;Dif;Hellas Verona;23;10.0;0;0;0;11;2;0;5;7;18;0;0;0;38;17;15;53.1;https://fbref.com/it/calciatori/7ef972c3/Flavius-Daniliuc
Danilo Luiz da Silva;Dif;Juventus;33;6.5;2;0;0;11;1;0;3;9;4;0;1;0;24;16;7;69.6;https://fbref.com/it/calciatori/94b2001f/Danilo-Luiz-da-Silva
Matteo Darmian;Dif;Inter;35;15.1;2;0;0;23;15;4;26;3;13;0;1;1;27;13;12;52.0;https://fbref.com/it/calciatori/96e0490d/Matteo-Darmian
Juan David Cabal;Dif;Juventus;24;5.1;0;0;0;7;10;1;7;2;4;0;0;0;20;8;3;72.7;https://fbref.com/it/calciatori/ef6eef89/Juan-David-Cabal
Keinan Davis;Att;Udinese;27;7.9;2;0;0;16;11;4;3;1;3;0;0;0;27;21;19;52.5;https://fbref.com/it/calciatori/9deaf2c8/Keinan-Davis
Paweł Dawidowicz;Dif.Cen;Hellas Verona;29;18.0;6;1;0;31;10;0;1;20;21;0;1;0;47;30;21;58.8;https://fbref.com/it/calciatori/16bb656a/Pawel-Dawidowicz
Charles De Ketelaere;Cen.Att;Atalanta;24;19.9;1;0;0;19;34;2;46;3;8;0;0;0;69;32;31;50.8;https://fbref.com/it/calciatori/2ef7c612/Charles-De-Ketelaere
Mattia De Sciglio;Dif;Empoli;32;8.5;0;0;0;8;5;0;7;8;13;0;0;0;27;6;2;75.0;https://fbref.com/it/calciatori/ae4e2852/Mattia-De-Sciglio
Lorenzo De Silvestri;Dif;Bologna;36;9.3;1;0;0;16;7;0;17;8;6;0;0;0;22;11;13;45.8;https://fbref.com/it/calciatori/e74f0e59/Lorenzo-De-Silvestri
Koni De Winter;Dif;Genoa;22;19.1;5;0;0;34;13;1;3;17;17;0;2;0;86;67;30;69.1;https://fbref.com/it/calciatori/f4797849/Koni-De-Winter
Alessandro Deiola;Cen;Cagliari;29;13.4;5;0;0;28;10;0;14;12;17;0;0;0;54;29;26;52.7;https://fbref.com/it/calciatori/7f267d66/Alessandro-Deiola
Enrico Del Prato;Dif;Parma;25;26.7;7;0;0;15;15;0;16;18;14;0;0;0;107;34;38;47.2;https://fbref.com/it/calciatori/4c6f9258/Enrico-Del-Prato
Fisayo Dele-Bashiru;Cen.Att;Lazio;24;9.9;0;0;0;8;4;0;7;4;5;0;0;0;47;3;11;21.4;https://fbref.com/it/calciatori/121a4fb8/Fisayo-Dele-Bashiru
Ali Dembélé;Dif;Torino;21;1.4;4;1;1;3;0;0;2;0;2;0;0;0;4;2;6;25.0;https://fbref.com/it/calciatori/eb3df7d9/Ali-Dembele
Michele Di Gregorio;Por;Juventus;27;27.0;0;0;0;0;5;0;0;0;0;0;0;0;27;5;1;83.3;https://fbref.com/it/calciatori/4e0c8d66/Michele-Di-Gregorio
Giovanni Di Lorenzo;Dif;Napoli;31;31.0;5;0;0;45;41;5;58;27;41;0;0;0;81;40;41;49.4;https://fbref.com/it/calciatori/230a2fac/Giovanni-Di-Lorenzo
Boulaye Dia;Cen.Att;Lazio;28;19.8;2;0;0;19;20;3;2;5;8;1;0;0;47;17;48;26.2;https://fbref.com/it/calciatori/244bc2c8/Boulaye-Dia
Assane Diao;Att.Cen;Como;19;12.9;2;0;0;19;45;6;12;3;13;0;0;0;40;15;28;34.9;https://fbref.com/it/calciatori/8ae7d0ec/Assane-Diao
Federico Dimarco;Dif.Att;Inter;27;21.1;3;0;0;18;10;8;173;12;11;0;0;0;65;6;9;40.0;https://fbref.com/it/calciatori/970b8574/Federico-Dimarco
Berat Djimsiti;Dif;Atalanta;32;24.9;4;0;0;18;17;0;8;35;28;0;1;1;86;69;42;62.2;https://fbref.com/it/calciatori/6eee05f1/Berat-Djimsiti
Domilson Cordeiro dos Santos;Dif;Fiorentina;26;30.6;7;0;0;20;54;3;120;32;27;2;0;0;165;12;15;44.4;https://fbref.com/it/calciatori/b5f7d10b/Domilson-Cordeiro-dos-Santos
Benjamín Domínguez;Att;Bologna;21;11.4;0;0;0;6;28;3;9;4;6;0;0;0;57;0;17;0.0;https://fbref.com/it/calciatori/a83b47fa/Benjamin-Dominguez
Patrick Dorgu;Dif.Att;Lecce;20;20.4;2;1;0;24;55;4;40;18;27;1;0;1;99;31;21;59.6;https://fbref.com/it/calciatori/e6536124/Patrick-Dorgu
Alberto Dossena;Dif;Como;26;20.3;1;1;0;22;16;0;1;22;20;0;2;0;68;59;24;71.1;https://fbref.com/it/calciatori/61efb926/Alberto-Dossena
Issa Doumbia;Cen;Venezia;21;8.5;0;0;0;16;9;0;9;7;8;0;0;0;36;17;17;50.0;https://fbref.com/it/calciatori/b74fc282/Issa-Doumbia
Anastasios Douvikas;Att;Como;25;3.2;1;0;0;7;9;0;2;1;1;0;0;0;9;5;11;31.3;https://fbref.com/it/calciatori/853ca71c/Anastasios-Douvikas
Artem Dovbyk;Att;Roma;27;23.9;0;0;0;29;12;22;0;2;2;0;0;0;24;39;51;43.3;https://fbref.com/it/calciatori/5b847bb0/Artem-Dovbyk
Ondrej Duda;Cen;Hellas Verona;30;21.9;10;1;1;38;50;0;73;27;22;0;0;0;152;12;8;60.0;https://fbref.com/it/calciatori/79ca3e23/Ondrej-Duda
Denzel Dumfries;Dif.Att;Inter;29;19.6;4;0;0;51;16;5;51;6;18;2;0;0;59;53;16;76.8;https://fbref.com/it/calciatori/481c9ece/Denzel-Dumfries
Alfred Duncan;Cen;Venezia;32;10.4;2;0;0;21;11;0;17;8;8;0;0;0;52;10;8;55.6;https://fbref.com/it/calciatori/528492ea/Alfred-Duncan
Paulo Dybala;Att.Cen;Roma;31;15.7;2;0;0;6;60;6;62;2;7;2;0;0;63;8;17;32.0;https://fbref.com/it/calciatori/e0921a4f/Paulo-Dybala
Enzo Ebosse;Dif;Udinese;26;1.0;1;0;0;1;0;0;0;1;0;0;0;0;5;1;0;100.0;https://fbref.com/it/calciatori/9ba7b4fa/Enzo-Ebosse
Tyronne Ebuehi;Dif;Empoli;29;0.5;0;0;0;0;2;0;2;2;1;0;0;0;4;3;0;100.0;https://fbref.com/it/calciatori/6af30900/Tyronne-Ebuehi
Éderson;Cen;Atalanta;25;27.6;5;1;1;29;48;0;23;34;29;0;0;0;162;38;31;55.1;https://fbref.com/it/calciatori/a9202def/Ederson
Kingsley Ehizibue;Dif;Udinese;29;24.1;4;0;0;27;30;5;57;19;32;0;0;0;96;27;29;48.2;https://fbref.com/it/calciatori/76b2817e/Kingsley-Ehizibue
Jeff Ekhator;Att.Cen;Genoa;18;7.3;1;0;0;13;10;3;10;1;3;0;0;0;28;14;31;31.1;https://fbref.com/it/calciatori/faf739d2/Jeff-Ekhator
Jurgen Ekkelenkamp;Cen;Udinese;25;17.5;2;0;0;25;13;2;9;11;21;0;0;0;71;13;12;52.0;https://fbref.com/it/calciatori/73d6a176/Jurgen-Ekkelenkamp
Emmanuel Ekong;Cen.Att;Empoli;22;2.1;1;0;0;3;5;1;0;1;3;0;0;0;10;2;7;22.2;https://fbref.com/it/calciatori/c20892ee/Emmanuel-Ekong
Caleb Ekuban;Att;Genoa;31;5.7;1;0;0;11;8;5;3;1;3;0;0;0;17;11;18;37.9;https://fbref.com/it/calciatori/7afbd2c3/Caleb-Ekuban
Mikael Ellertsson;Dif.Cen;Venezia;23;23.7;2;0;0;20;34;2;22;13;23;0;0;0;66;11;14;44.0;https://fbref.com/it/calciatori/c55967eb/Mikael-Ellertsson
Elif Elmas;Att.Cen;Torino;25;6.6;0;0;0;11;9;2;7;5;4;0;0;0;18;1;2;33.3;https://fbref.com/it/calciatori/cf007308/Elif-Elmas
Emerson;Dif;Milan;26;15.3;5;0;0;34;32;0;45;14;28;0;0;0;59;24;14;63.2;https://fbref.com/it/calciatori/df8b52a5/Emerson
Yannik Engelhardt;Cen.Dif;Como;24;12.0;3;0;0;20;19;1;1;10;10;0;0;0;58;10;9;52.6;https://fbref.com/it/calciatori/fac66db3/Yannik-Engelhardt
Martin Erlic;Dif;Bologna;27;3.4;0;0;0;7;7;0;0;2;0;1;0;0;9;10;8;55.6;https://fbref.com/it/calciatori/0fee6bda/Martin-Erlic
Sebastiano Esposito;Att.Cen;Empoli;22;21.3;1;0;0;38;49;9;44;11;25;2;0;0;94;23;46;33.3;https://fbref.com/it/calciatori/7ff93107/Sebastiano-Esposito
Estanis;Att;Bologna;21;0.1;0;0;0;1;0;0;0;0;0;0;0;0;0;0;0;;https://fbref.com/it/calciatori/ace50e9f/Estanis
Nahuel Estévez;Cen;Parma;29;6.8;2;0;0;8;9;0;10;3;4;0;0;0;27;12;1;92.3;https://fbref.com/it/calciatori/cec60a2f/Nahuel-Estevez
Giovanni Fabbian;Cen;Bologna;22;10.3;2;0;0;20;21;1;7;2;6;0;0;0;30;18;31;36.7;https://fbref.com/it/calciatori/f97f9188/Giovanni-Fabbian
Alieu Fadera;Att.Dif;Como;23;17.8;2;1;0;39;47;14;39;11;45;0;0;0;93;11;14;44.0;https://fbref.com/it/calciatori/53210e42/Alieu-Fadera
Nicolò Fagioli;Cen;Fiorentina;24;6.4;0;0;0;6;10;0;20;3;7;0;0;0;29;0;1;0.0;https://fbref.com/it/calciatori/366be751/Nicolo-Fagioli
Nicolò Fagioli;Cen;Juventus;24;6.3;4;0;0;11;5;0;13;2;10;0;0;0;33;2;2;50.0;https://fbref.com/it/calciatori/366be751/Nicolo-Fagioli
Wladimiro Falcone;Por;Lecce;30;32.0;1;0;0;1;8;0;0;0;0;0;1;0;24;11;0;100.0;https://fbref.com/it/calciatori/9f5a610b/Wladimiro-Falcone
Davide Faraoni;Dif;Hellas Verona;33;2.9;1;0;0;7;1;2;12;2;9;0;0;0;9;1;9;10.0;https://fbref.com/it/calciatori/aae9d04a/Davide-Faraoni
Jacopo Fazzini;Cen.Att;Empoli;22;9.6;1;1;0;19;20;2;22;5;11;0;0;0;46;9;11;45.0;https://fbref.com/it/calciatori/06b08c45/Jacopo-Fazzini
Mattia Felici;Cen.Att;Cagliari;24;9.7;1;0;0;18;17;4;22;7;12;0;1;0;47;7;10;41.2;https://fbref.com/it/calciatori/38aa2612/Mattia-Felici
João Félix;Cen;Milan;25;5.4;1;0;0;8;17;2;3;0;3;0;0;0;20;4;5;44.4;https://fbref.com/it/calciatori/8aafd64f/Joao-Felix
Lewis Ferguson;Cen;Bologna;25;7.9;0;0;0;24;12;1;9;3;9;0;0;0;22;8;11;42.1;https://fbref.com/it/calciatori/ee64a822/Lewis-Ferguson
Daniel Fila;Att;Venezia;22;3.8;3;1;1;11;4;3;0;0;0;0;0;0;6;3;16;15.8;https://fbref.com/it/calciatori/383a628e/Daniel-Fila
Youssouf Fofana;Cen;Milan;26;25.1;5;0;0;26;16;0;10;18;32;0;0;0;124;11;19;36.7;https://fbref.com/it/calciatori/822d51d7/Youssouf-Fofana
Michael Folorunsho;Att.Cen;Fiorentina;27;6.0;4;0;0;13;20;0;19;4;11;0;0;0;22;15;11;57.7;https://fbref.com/it/calciatori/c391a179/Michael-Folorunsho
Michael Folorunsho;Att.Cen;Napoli;27;0.4;0;0;0;2;1;0;0;1;2;0;0;0;2;2;2;50.0;https://fbref.com/it/calciatori/c391a179/Michael-Folorunsho
Omari Forson;Cen.Att;Monza;20;1.0;0;0;0;2;0;1;6;0;2;0;0;0;5;0;1;0.0;https://fbref.com/it/calciatori/1b9728b0/Omari-Forson
Davide Frattesi;Cen;Inter;25;11.4;1;0;0;8;27;2;7;4;7;1;0;0;45;9;11;45.0;https://fbref.com/it/calciatori/2a7d27c1/Davide-Frattesi
Morten Frendrup;Cen;Genoa;24;29.5;5;0;0;46;25;1;3;40;58;0;0;0;158;27;34;44.3;https://fbref.com/it/calciatori/f4d60499/Morten-Frendrup
Martin Frese;Dif;Hellas Verona;27;3.8;0;0;0;7;7;0;8;7;7;0;0;0;8;7;7;50.0;https://fbref.com/it/calciatori/b910e9c0/Martin-Frese
Remo Freuler;Cen;Bologna;33;30.0;6;0;0;39;16;1;16;30;35;0;0;0;130;26;25;51.0;https://fbref.com/it/calciatori/98d2c2c4/Remo-Freuler
Matteo Gabbia;Dif;Milan;25;18.0;3;0;0;15;5;1;2;12;8;1;0;0;47;37;26;58.7;https://fbref.com/it/calciatori/c235e803/Matteo-Gabbia
Tiago Gabriel;Dif;Lecce;20;0.9;0;0;0;0;0;0;0;0;0;0;0;0;2;2;0;100.0;https://fbref.com/it/calciatori/19452285/Tiago-Gabriel
Alessandro Gabrielloni;Att.Cen;Como;30;1.2;1;0;0;3;3;1;1;0;0;0;0;0;9;1;8;11.1;https://fbref.com/it/calciatori/181cb492/Alessandro-Gabrielloni
Gianluca Gaetano;Cen.Att;Cagliari;24;10.0;0;0;0;14;10;3;22;5;6;0;0;0;30;10;19;34.5;https://fbref.com/it/calciatori/3b387cc7/Gianluca-Gaetano
Roberto Gagliardini;Cen.Dif;Monza;31;1.7;1;0;0;5;6;0;1;2;2;0;0;0;5;4;5;44.4;https://fbref.com/it/calciatori/ce30bfc8/Roberto-Gagliardini
Antonino Gallo;Dif;Lecce;25;23.0;2;1;0;11;14;3;95;18;37;0;0;2;93;19;27;41.3;https://fbref.com/it/calciatori/c74d63ac/Antonino-Gallo
Silvère Ganvoula M'Boussy;Att;Monza;28;3.5;0;0;0;3;8;1;0;1;0;0;0;0;5;14;12;53.8;https://fbref.com/it/calciatori/6c731625/Silvere-Ganvoula-MBoussy
Federico Gatti;Dif;Juventus;26;24.3;2;0;0;20;19;1;1;18;23;1;0;0;110;36;26;58.1;https://fbref.com/it/calciatori/18dd3219/Federico-Gatti
David de Gea Quintana;Por;Fiorentina;34;29.0;1;0;0;0;2;0;0;0;0;0;0;0;21;6;0;100.0;https://fbref.com/it/calciatori/7ba6d84e/David-de-Gea-Quintana
Valentin Gendrey;Dif;Lecce;24;2.0;0;0;0;1;2;0;3;2;2;0;0;0;3;1;3;25.0;https://fbref.com/it/calciatori/822ed0ec/Valentin-Gendrey
Daniele Ghilardi;Dif;Hellas Verona;22;17.6;7;0;0;24;24;0;5;21;19;0;0;0;40;32;36;47.1;https://fbref.com/it/calciatori/9cedad4b/Daniele-Ghilardi
Lautaro Gianetti;Dif;Udinese;31;9.3;4;0;0;6;0;0;0;15;10;0;1;2;25;26;12;68.4;https://fbref.com/it/calciatori/e08ac719/Lautaro-Gianetti
Samuel Gigot;Dif;Lazio;31;6.6;2;0;0;8;8;1;0;13;2;0;1;0;12;16;5;76.2;https://fbref.com/it/calciatori/41eebdf5/Samuel-Gigot
Mario Gila;Dif;Lazio;24;25.2;6;0;0;24;27;0;0;23;33;0;0;1;118;58;53;52.3;https://fbref.com/it/calciatori/9c435456/Mario-Gila
Billy Gilmour;Cen;Napoli;23;9.5;0;0;0;11;12;0;10;6;11;0;0;0;49;8;8;50.0;https://fbref.com/it/calciatori/df10e27c/Billy-Gilmour
Santiago Giménez;Att;Milan;24;6.3;3;0;0;7;4;6;2;1;3;0;0;0;10;5;10;33.3;https://fbref.com/it/calciatori/37337aea/Santiago-Gimenez
Gvidas Gineitis;Cen;Torino;21;12.2;4;0;0;20;19;2;51;12;8;0;0;0;40;9;16;36.0;https://fbref.com/it/calciatori/548bd0de/Gvidas-Gineitis
Ben Godfrey;Dif;Atalanta;27;0.3;0;0;0;1;0;0;0;0;0;0;0;0;2;0;0;;https://fbref.com/it/calciatori/9f7c837d/Ben-Godfrey
Saba Goglichidze;Dif;Empoli;20;24.3;2;1;0;22;25;1;2;30;35;0;0;0;90;25;44;36.2;https://fbref.com/it/calciatori/011d370e/Saba-Goglichidze
Edoardo Goldaniga;Dif;Como;31;23.1;10;1;1;35;23;2;6;24;17;0;0;0;60;36;30;54.5;https://fbref.com/it/calciatori/4b029b31/Edoardo-Goldaniga
Pierluigi Gollini;Por;Genoa;30;7.0;1;0;0;0;0;0;0;0;0;0;0;0;5;0;0;;https://fbref.com/it/calciatori/f0f7f62f/Pierluigi-Gollini
Nicolás González;Att.Cen;Juventus;27;14.5;0;0;0;21;31;3;14;7;11;0;0;0;51;48;35;57.8;https://fbref.com/it/calciatori/2374aaca/Nicolas-Gonzalez
Robin Gosens;Dif;Fiorentina;30;22.9;5;0;0;19;19;5;48;15;29;0;0;0;57;59;30;66.3;https://fbref.com/it/calciatori/2d970560/Robin-Gosens
Lucas Gourna-Douath;Cen;Roma;21;1.9;2;0;0;6;4;1;2;0;4;0;0;0;5;0;3;0.0;https://fbref.com/it/calciatori/3cd7820a/Lucas-Gourna-Douath
Alberto Grassi;Cen;Empoli;30;19.9;7;0;0;21;27;1;7;27;16;1;0;0;108;22;15;59.5;https://fbref.com/it/calciatori/6cc97b6a/Alberto-Grassi
Mattéo Guendouzi;Cen;Lazio;26;30.3;5;0;0;24;27;1;17;27;16;0;1;0;137;14;16;46.7;https://fbref.com/it/calciatori/5ea8ef20/Matteo-Guendouzi
Frédéric Guilbert;Dif;Lecce;30;22.9;3;2;0;30;21;1;45;40;33;0;1;0;76;31;23;57.4;https://fbref.com/it/calciatori/5d8d7454/Frederic-Guilbert
Albert Guðmundsson;Cen.Att;Fiorentina;27;11.7;2;0;0;10;17;2;20;6;3;1;0;0;42;3;11;21.4;https://fbref.com/it/calciatori/b79858d5/Albert-Gudmundsson
Emmanuel Gyasi;Dif.Att;Empoli;31;30.1;5;0;0;39;15;12;28;8;28;0;0;1;122;37;55;40.2;https://fbref.com/it/calciatori/f9758dae/Emmanuel-Gyasi
Christian Gytkjær;Att;Venezia;34;5.4;0;0;0;8;4;5;0;0;4;0;0;0;11;17;41;29.3;https://fbref.com/it/calciatori/9250bcff/Christian-Gytkjaer
Nicolas Haas;Cen;Empoli;29;3.2;1;0;0;11;3;0;0;4;8;0;0;0;19;3;5;37.5;https://fbref.com/it/calciatori/fa449bba/Nicolas-Haas
Saad El Haddad;Cen;Venezia;19;0.3;0;0;0;1;1;0;0;0;0;0;0;0;1;0;1;0.0;https://fbref.com/it/calciatori/7b12dccc/Saad-El-Haddad
Antoine Hainaut;Dif.Cen;Parma;23;9.1;3;0;0;9;12;1;17;12;11;0;0;0;40;23;9;71.9;https://fbref.com/it/calciatori/6503f220/Antoine-Hainaut
Mohamed Haj;Cen;Parma;20;5.0;4;0;0;6;11;0;7;4;1;0;0;0;15;6;6;50.0;https://fbref.com/it/calciatori/eb7dc619/Mohamed-Haj
Ridgeciano Haps;Dif;Venezia;31;12.4;3;0;0;11;13;0;22;6;11;0;1;0;43;10;14;41.7;https://fbref.com/it/calciatori/c8d7131c/Ridgeciano-Haps
Abdou Harroui;Cen.Att;Hellas Verona;27;5.1;1;0;0;10;3;0;9;2;6;0;0;0;22;8;7;53.3;https://fbref.com/it/calciatori/65fd099c/Abdou-Harroui
Liam Henderson;Cen;Empoli;28;22.5;9;0;0;70;19;2;76;14;17;0;0;0;76;11;19;36.7;https://fbref.com/it/calciatori/d7918b13/Liam-Henderson
Mario Hermoso;Dif;Roma;29;2.8;2;1;1;7;1;0;3;4;1;0;0;0;11;3;5;37.5;https://fbref.com/it/calciatori/555f3a0b/Mario-Hermoso
Theo Hernández;Dif;Milan;27;26.0;4;1;0;15;39;2;97;14;23;1;1;0;114;29;13;69.0;https://fbref.com/it/calciatori/d4c9725f/Theo-Hernandez
Hernani Azevedo Júnior;Cen;Parma;31;12.3;5;0;0;27;22;1;22;17;20;0;0;0;51;17;18;48.6;https://fbref.com/it/calciatori/6f5ead86/Hernani-Azevedo-Junior
Isak Hien;Dif;Atalanta;26;21.9;9;0;0;29;15;0;1;23;27;0;0;0;120;55;38;59.1;https://fbref.com/it/calciatori/12806697/Isak-Hien
Emil Holm;Dif;Bologna;24;11.0;3;0;0;13;22;1;32;10;21;1;0;0;45;27;15;64.3;https://fbref.com/it/calciatori/c2357b65/Emil-Holm
Mats Hummels;Dif;Roma;36;10.2;1;0;0;9;3;0;2;26;15;0;0;1;41;23;15;60.5;https://fbref.com/it/calciatori/05d548d8/Mats-Hummels
Elseid Hisaj;Dif;Lazio;31;3.1;0;0;0;2;1;0;8;4;5;0;0;0;15;5;4;55.6;https://fbref.com/it/calciatori/2f3452eb/Elseid-Hisaj
Arijon Ibrahimović;Cen;Lazio;19;0.1;0;0;0;0;0;0;0;0;0;0;0;0;0;0;0;;https://fbref.com/it/calciatori/f5c4fd91/Arijon-Ibrahimovic
Jay Idzes;Dif;Venezia;24;29.7;4;0;0;43;10;2;6;27;26;0;2;0;86;52;68;43.3;https://fbref.com/it/calciatori/a54ef587/Jay-Idzes
Jonathan Ikone;Att;Como;26;3.0;0;0;0;1;4;1;1;0;6;0;0;0;12;1;1;50.0;https://fbref.com/it/calciatori/42eaa028/Jonathan-Ikone
Jonathan Ikone;Att.Cen;Fiorentina;26;3.7;0;0;0;3;7;0;1;1;2;0;0;0;19;0;6;0.0;https://fbref.com/it/calciatori/42eaa028/Jonathan-Ikone
Ivan Ilić;Cen;Torino;24;8.4;3;0;0;9;20;1;25;4;1;0;0;0;19;4;11;26.7;https://fbref.com/it/calciatori/bb376bed/Ivan-Ilic
Samuel Iling-Junior;Att.Cen;Bologna;21;1.3;0;0;0;2;1;0;9;2;2;0;0;0;8;0;3;0.0;https://fbref.com/it/calciatori/ba492306/Samuel-Iling-Junior
Alessio Iovine;Dif.Att;Como;34;4.2;2;0;0;5;6;0;15;3;2;0;0;0;16;2;7;22.2;https://fbref.com/it/calciatori/083d7173/Alessio-Iovine
Gustav Isaksen;Att;Lazio;24;21.6;5;0;0;22;41;2;101;8;8;1;0;0;57;13;23;36.1;https://fbref.com/it/calciatori/5715bb71/Gustav-Isaksen
Ardian Ismajli;Dif;Empoli;28;22.9;1;0;0;15;20;0;0;46;19;0;0;0;65;69;46;60.0;https://fbref.com/it/calciatori/6b635f5c/Ardian-Ismajli
Armando Izzo;Dif;Monza;33;26.9;12;0;0;65;47;0;7;45;15;0;0;0;89;52;64;44.8;https://fbref.com/it/calciatori/89976232/Armando-Izzo
Fellipe Jack;Dif;Como;19;1.9;2;0;0;5;1;0;0;4;4;0;0;0;4;4;3;57.1;https://fbref.com/it/calciatori/cace4967/Fellipe-Jack
Ali Jasim;Att.Dif;Como;21;0.1;0;0;0;1;0;0;1;0;0;0;0;0;1;1;0;100.0;https://fbref.com/it/calciatori/1a927a6f/Ali-Jasim
Gaby Jean;Dif;Lecce;25;15.4;0;0;0;15;13;0;1;9;7;0;1;0;55;41;24;63.1;https://fbref.com/it/calciatori/5f130a19/Gaby-Jean
Juan Guilherme Nunes Jesus;Dif;Napoli;33;11.9;2;0;0;14;5;0;0;9;14;0;0;0;30;24;16;60.0;https://fbref.com/it/calciatori/79083382/Juan-Guilherme-Nunes-Jesus
Alejandro Jiménez;Dif.Att;Milan;19;9.9;5;0;0;10;14;5;30;10;11;0;0;0;52;8;12;40.0;https://fbref.com/it/calciatori/faa13947/Alejandro-Jimenez
Þórir Jóhann Helgason;Cen;Lecce;24;9.7;0;0;0;8;9;2;53;4;5;0;0;0;35;15;11;57.7;https://fbref.com/it/calciatori/dc765618/Thorir-Johann-Helgason
Jesse Joronen;Por;Venezia;32;7.8;0;0;0;1;0;0;0;0;0;0;1;1;11;3;0;100.0;https://fbref.com/it/calciatori/7f66ea09/Jesse-Joronen
Luka Jović;Att.Cen;Milan;27;3.1;1;0;0;4;5;0;2;1;0;0;0;0;6;4;5;44.4;https://fbref.com/it/calciatori/4d8cd038/Luka-Jovic
Mohamed Kaba;Cen;Lecce;23;2.8;1;0;0;5;8;0;1;2;7;0;0;0;13;6;6;50.0;https://fbref.com/it/calciatori/517cfb19/Mohamed-Kaba
Christian Kabasele;Dif;Udinese;34;10.2;0;0;0;18;12;0;2;10;7;0;2;0;29;29;17;63.0;https://fbref.com/it/calciatori/914ab9a1/Christian-Kabasele
Pierre Kalulu;Dif;Juventus;24;22.3;2;0;0;19;16;1;16;15;21;0;1;0;85;23;41;35.9;https://fbref.com/it/calciatori/85f7d1be/Pierre-Kalulu
Hassane Kamara;Dif;Udinese;31;17.9;7;1;1;22;18;0;78;22;22;0;0;0;74;16;10;61.5;https://fbref.com/it/calciatori/19a12bed/Hassane-Kamara
Yann Karamoh;Cen.Att;Torino;26;11.1;2;0;0;11;12;4;22;3;2;0;0;0;41;5;9;35.7;https://fbref.com/it/calciatori/8b66d9cc/Yann-Karamoh
Jesper Karlsson;Att;Bologna;26;3.3;1;0;0;6;4;1;4;0;0;0;0;0;8;2;4;33.3;https://fbref.com/it/calciatori/7952d0c2/Jesper-Karlsson
Jesper Karlsson;Att;Lecce;26;3.6;2;0;0;2;0;0;20;0;1;0;0;0;10;1;5;16.7;https://fbref.com/it/calciatori/7952d0c2/Jesper-Karlsson
Jesper Karlström;Cen;Udinese;29;29.4;6;0;0;28;21;1;11;32;28;0;0;0;129;26;24;52.0;https://fbref.com/it/calciatori/e0a1f4eb/Jesper-Karlstrom
Lior Kasa;Cen.Att;Genoa;19;1.8;2;0;0;3;3;0;2;2;4;0;0;0;12;1;3;25.0;https://fbref.com/it/calciatori/7987ef17/Lior-Kasa
Grigoris Kastanos;Cen.Att;Hellas Verona;27;9.3;3;0;0;14;19;1;23;7;16;0;0;0;45;14;15;48.3;https://fbref.com/it/calciatori/2a82aa85/Grigoris-Kastanos
Michael Kayode;Dif.Att;Fiorentina;20;1.4;0;0;0;1;2;0;6;2;1;0;0;0;6;2;0;100.0;https://fbref.com/it/calciatori/e19660a8/Michael-Kayode
Moise Kean;Att;Fiorentina;25;27.0;5;0;0;37;49;51;9;5;5;0;1;0;52;46;44;51.1;https://fbref.com/it/calciatori/3d50bcdb/Moise-Kean
Mandela Keita;Cen;Parma;22;15.2;6;1;1;23;26;1;0;14;19;0;1;0;72;12;11;52.2;https://fbref.com/it/calciatori/f5692b25/Mandela-Keita
Lloyd Kelly;Dif;Juventus;26;7.3;1;0;0;9;4;0;7;1;7;0;0;0;37;25;16;61.0;https://fbref.com/it/calciatori/f31def1e/Lloyd-Kelly
Marc-Oliver Kempf;Dif;Como;30;24.1;5;1;1;17;16;0;4;29;18;0;0;0;85;87;33;72.5;https://fbref.com/it/calciatori/815c314f/Marc-Oliver-Kempf
Kialonda;Dif;Lecce;27;18.0;3;0;0;8;14;0;2;24;12;0;1;0;43;66;30;68.8;https://fbref.com/it/calciatori/34e4dc3b/Kialonda
Magnus Kofod Andersen;Cen;Venezia;25;7.7;1;0;0;7;5;0;16;6;4;0;0;0;31;8;7;53.3;https://fbref.com/it/calciatori/a4731ebc/Magnus-Kofod-Andersen
Sead Kolašinac;Dif;Atalanta;31;21.1;7;0;0;38;20;3;10;25;26;0;0;1;135;34;26;56.7;https://fbref.com/it/calciatori/3935e52e/Sead-Kolasinac
Randal Kolo Muani;Att;Juventus;26;7.5;0;0;0;18;11;4;6;0;3;0;0;0;20;6;14;30.0;https://fbref.com/it/calciatori/c0b3669f/Randal-Kolo-Muani
Ismael Konate;Att.Cen;Empoli;19;0.7;0;0;0;3;0;0;1;0;1;0;0;0;1;3;4;42.9;https://fbref.com/it/calciatori/351ab035/Ismael-Konate
Manu Koné;Cen;Roma;23;22.9;5;0;0;24;67;2;2;16;21;0;1;0;99;15;27;35.7;https://fbref.com/it/calciatori/86574238/Manu-Kone
Teun Koopmeiners;Cen.Att;Juventus;27;22.2;3;0;0;32;9;3;113;8;16;0;0;0;51;22;22;50.0;https://fbref.com/it/calciatori/a26fb8aa/Teun-Koopmeiners
Odilon Kossounou;Dif;Atalanta;24;8.0;1;0;0;12;5;0;3;7;7;0;0;0;45;16;7;69.6;https://fbref.com/it/calciatori/1f3afdcb/Odilon-Kossounou
Christian Kouamé;Att.Cen;Fiorentina;27;6.9;1;0;0;13;14;2;6;2;8;0;0;0;20;29;19;60.4;https://fbref.com/it/calciatori/58e933d2/Christian-Kouame
Christian Kouamé;Att.Cen;Empoli;27;5.6;0;0;0;7;15;2;2;0;4;0;0;0;18;48;24;66.7;https://fbref.com/it/calciatori/58e933d2/Christian-Kouame
Viktor Kovalenko;Cen.Dif;Empoli;29;0.7;0;0;0;1;2;0;0;0;1;0;0;0;3;2;1;66.7;https://fbref.com/it/calciatori/9d60028d/Viktor-Kovalenko
Mateusz Kowalski;Cen;Parma;19;0.6;0;0;0;1;0;0;0;0;0;0;0;0;0;0;3;0.0;https://fbref.com/it/calciatori/d2bb908c/Mateusz-Kowalski
Thomas Kristensen;Dif;Udinese;23;15.5;4;0;0;20;3;1;7;15;16;0;1;0;53;47;24;66.2;https://fbref.com/it/calciatori/fadf9a05/Thomas-Kristensen
Nikola Krstović;Att;Lecce;25;29.4;4;0;0;46;44;17;7;7;8;0;0;0;66;77;110;41.2;https://fbref.com/it/calciatori/473803c9/Nikola-Krstovic
Khvicha Kvaratskhelia;Att.Cen;Napoli;24;13.1;1;0;0;12;33;0;51;4;9;0;0;0;45;4;5;44.4;https://fbref.com/it/calciatori/dea88efd/Khvicha-Kvaratskhelia
Giorgos Kyriakopoulos;Dif;Monza;29;25.9;5;0;0;24;33;5;144;19;25;0;1;1;78;21;27;43.8;https://fbref.com/it/calciatori/0a483542/Giorgos-Kyriakopoulos
Mathis Lambourde;Att.Cen;Hellas Verona;19;0.6;1;0;0;3;0;0;1;0;1;0;0;0;2;1;3;25.0;https://fbref.com/it/calciatori/0da3d7ab/Mathis-Lambourde
Gianluca Lapadula;Att.Cen;Cagliari;35;3.4;1;0;0;9;1;1;3;0;0;0;0;0;5;11;8;57.9;https://fbref.com/it/calciatori/2ead2809/Gianluca-Lapadula
Valentino Lazaro;Dif.Att;Torino;29;22.6;4;0;0;26;13;2;127;10;11;0;1;0;82;14;24;36.8;https://fbref.com/it/calciatori/016ff750/Valentino-Lazaro
Darko Lazović;Dif.Att;Hellas Verona;34;15.5;0;0;0;9;5;4;70;11;9;1;0;0;54;7;13;35.0;https://fbref.com/it/calciatori/5128bde4/Darko-Lazovic
Manuel Lazzari;Dif;Lazio;31;14.8;3;0;0;12;27;1;85;9;15;0;1;0;46;5;13;27.8;https://fbref.com/it/calciatori/02caf6e0/Manuel-Lazzari
Enzo Le Fée;Cen;Roma;25;3.5;1;0;0;6;5;0;7;5;4;0;0;0;22;2;4;33.3;https://fbref.com/it/calciatori/6f806d99/Enzo-Le-Fee
Nicola Leali;Por;Genoa;32;25.0;1;0;0;1;6;0;0;0;0;0;0;1;27;6;0;100.0;https://fbref.com/it/calciatori/5f9970a0/Nicola-Leali
Rafael Leão;Att;Milan;25;23.2;4;0;0;16;47;6;53;6;8;1;0;0;54;22;16;57.9;https://fbref.com/it/calciatori/20730eae/Rafael-Leao
Stefan Lekovic;Dif;Monza;21;3.6;0;0;0;5;3;0;0;6;4;0;0;1;18;4;5;44.4;https://fbref.com/it/calciatori/d633fd46/Stefan-Lekovic
Nunzio Lella;Cen;Venezia;24;0.1;0;0;0;1;1;0;0;0;0;0;0;0;0;0;0;;https://fbref.com/it/calciatori/c149e8a6/Nunzio-Lella
Giovanni Leoni;Dif;Parma;18;8.6;2;1;0;7;4;0;3;12;2;0;0;0;23;10;5;66.7;https://fbref.com/it/calciatori/570888ce/Giovanni-Leoni
Ben Lhassine Kone;Cen;Como;25;0.6;1;0;0;1;1;0;0;1;2;0;0;0;7;0;1;0.0;https://fbref.com/it/calciatori/7452c7a8/Ben-Lhassine-Kone
Mattia Liberali;Cen;Milan;18;0.7;0;0;0;1;0;0;2;0;1;0;0;0;4;1;0;100.0;https://fbref.com/it/calciatori/775f4a87/Mattia-Liberali
Karol Linetty;Cen;Torino;30;15.3;6;0;0;33;13;0;4;12;22;0;0;0;60;8;12;40.0;https://fbref.com/it/calciatori/d023d70f/Karol-Linetty
Dailon Livramento;Att.Cen;Hellas Verona;23;9.6;2;1;0;18;5;8;17;2;8;0;0;0;19;27;44;38.0;https://fbref.com/it/calciatori/c115db1e/Dailon-Livramento
Stanislav Lobotka;Cen;Napoli;30;26.6;3;0;0;21;29;0;2;20;28;0;1;0;154;6;5;54.5;https://fbref.com/it/calciatori/e1cbb531/Stanislav-Lobotka
Manuel Locatelli;Cen;Juventus;27;25.6;6;0;0;40;17;1;15;21;36;0;1;0;114;30;19;61.2;https://fbref.com/it/calciatori/a8a874f1/Manuel-Locatelli
Ruben Loftus-Cheek;Cen;Milan;29;7.7;1;0;0;13;20;0;5;2;7;0;0;0;27;11;7;61.1;https://fbref.com/it/calciatori/e97fd090/Ruben-Loftus-Cheek
Ademola Lookman;Att.Cen;Atalanta;27;20.6;4;0;0;27;16;25;96;2;13;0;0;0;54;13;11;54.2;https://fbref.com/it/calciatori/7c104bb7/Ademola-Lookman
Sandi Lovric;Cen;Udinese;27;22.7;4;0;0;47;30;0;78;22;28;1;0;0;109;1;16;5.9;https://fbref.com/it/calciatori/966eea58/Sandi-Lovric
Lorenzo Lucca;Att;Udinese;24;24.8;9;0;0;59;48;16;5;6;6;0;0;0;43;54;62;46.6;https://fbref.com/it/calciatori/83c06f3a/Lorenzo-Lucca
Jhon Lucumí;Dif;Bologna;26;23.4;5;1;0;18;9;0;3;20;21;0;1;0;144;37;32;53.6;https://fbref.com/it/calciatori/80490d7f/Jhon-Lucumi
José Luis Palomino;Dif;Cagliari;35;8.1;2;0;0;5;1;0;0;12;8;0;1;0;33;7;9;43.8;https://fbref.com/it/calciatori/921f6058/Jose-Luis-Palomino
Douglas Luiz;Cen;Juventus;26;5.4;2;0;0;12;6;0;23;2;8;0;1;0;28;5;3;62.5;https://fbref.com/it/calciatori/6f7d826d/Douglas-Luiz
Romelu Lukaku;Att;Napoli;31;26.1;3;0;0;39;33;17;4;0;2;0;0;0;30;34;42;44.7;https://fbref.com/it/calciatori/5eae500a/Romelu-Lukaku
Sebastiano Luperto;Dif;Cagliari;28;31.0;4;0;0;21;15;1;7;27;22;0;1;0;118;52;49;51.5;https://fbref.com/it/calciatori/997fff07/Sebastiano-Luperto
Zito Luvumbo;Att.Cen;Cagliari;23;13.6;2;0;0;37;36;7;50;3;5;0;0;0;35;6;12;33.3;https://fbref.com/it/calciatori/b09e0873/Zito-Luvumbo
Charalampos Lykogiannīs;Dif;Bologna;31;9.6;2;0;0;7;7;2;82;9;10;0;0;0;34;18;12;60.0;https://fbref.com/it/calciatori/5efc5389/Charalampos-Lykogiannis
Mathias Løvik;Dif.Att;Parma;21;0.9;0;0;0;2;0;0;3;2;0;0;0;0;2;2;2;50.0;https://fbref.com/it/calciatori/f17aa65c/Mathias-Lovik
Giangiacomo Magnani;Dif;Hellas Verona;29;11.8;2;0;0;8;11;0;2;17;15;0;0;0;38;29;18;61.7;https://fbref.com/it/calciatori/cce9f582/Giangiacomo-Magnani
Mike Maignan;Por;Milan;29;30.6;1;0;0;1;6;0;0;0;0;0;1;0;57;4;0;100.0;https://fbref.com/it/calciatori/fcb38f57/Mike-Maignan
Antoine Makoumbou;Cen;Cagliari;26;19.6;3;1;1;23;14;0;6;13;18;0;1;0;94;3;15;16.7;https://fbref.com/it/calciatori/f37f3522/Antoine-Makoumbou
Daniel Maldini;Cen.Att;Monza;23;14.5;5;0;0;15;39;2;38;4;6;0;0;0;52;22;27;44.9;https://fbref.com/it/calciatori/801831fe/Daniel-Maldini
Daniel Maldini;Att.Cen;Atalanta;23;1.2;0;0;0;1;6;1;1;0;1;0;0;0;4;5;2;71.4;https://fbref.com/it/calciatori/801831fe/Daniel-Maldini
Youssef Maleh;Cen;Empoli;26;16.8;5;1;1;32;29;1;16;16;23;0;0;0;96;9;18;33.3;https://fbref.com/it/calciatori/4c8845f7/Youssef-Maleh
Ruslan Malinovs'kyj;Cen.Att;Genoa;31;4.3;2;0;0;9;5;0;3;1;8;0;0;0;16;7;6;53.8;https://fbref.com/it/calciatori/48d5bd33/Ruslan-Malinovskyj
Dennis Man;Att.Cen;Parma;26;21.7;0;0;0;8;17;4;33;8;6;0;0;0;69;9;17;34.6;https://fbref.com/it/calciatori/2079b3cc/Dennis-Man
Gianluca Mancini;Dif;Roma;29;28.9;6;0;0;40;25;6;33;33;21;0;0;0;85;46;28;62.2;https://fbref.com/it/calciatori/5aa53281/Gianluca-Mancini
Christos Mandas;Por;Lazio;23;3.0;0;0;0;0;0;0;0;0;0;0;0;0;2;3;0;100.0;https://fbref.com/it/calciatori/f794e9ab/Christos-Mandas
Rolando Mandragora;Cen;Fiorentina;27;15.6;5;0;0;16;21;1;23;13;9;0;0;0;38;12;11;52.2;https://fbref.com/it/calciatori/c7259b83/Rolando-Mandragora
Alberto Manzoni;Cen;Atalanta;19;0.1;0;0;0;1;1;0;0;0;0;0;0;0;0;1;0;100.0;https://fbref.com/it/calciatori/08cda374/Alberto-Manzoni
Alessandro Marcandalli;Dif;Genoa;22;0.5;0;0;0;0;0;0;0;0;0;0;0;0;3;2;0;100.0;https://fbref.com/it/calciatori/d3225ad1/Alessandro-Marcandalli
Alessandro Marcandalli;Dif;Venezia;22;2.8;1;0;0;6;0;0;0;1;3;0;1;0;14;11;9;55.0;https://fbref.com/it/calciatori/d3225ad1/Alessandro-Marcandalli
Filip Marchwiński;Cen;Lecce;23;0.2;0;0;0;0;1;0;0;0;0;0;0;0;1;0;0;;https://fbref.com/it/calciatori/55a88fd9/Filip-Marchwinski
Pablo Marí;Dif;Monza;31;18.1;4;1;1;27;5;0;1;37;15;0;1;0;59;40;21;65.6;https://fbref.com/it/calciatori/aa54ec6f/Pablo-Mari
Pablo Marí;Dif;Fiorentina;31;6.2;2;0;0;5;1;0;0;14;2;0;0;0;19;16;6;72.7;https://fbref.com/it/calciatori/aa54ec6f/Pablo-Mari
Luca Marianucci;Dif;Empoli;20;8.4;0;1;0;11;5;0;4;15;9;0;0;0;32;21;25;45.7;https://fbref.com/it/calciatori/64e6778a/Luca-Marianucci
Mirko Marić;Att.Cen;Monza;29;1.2;0;0;0;2;2;0;2;1;0;0;0;0;4;6;12;33.3;https://fbref.com/it/calciatori/78338347/Mirko-Maric
Mirko Marić;Att;Venezia;29;3.5;0;0;0;2;4;3;3;1;2;0;0;0;11;8;21;27.6;https://fbref.com/it/calciatori/78338347/Mirko-Maric
Rafa Marín;Dif;Napoli;22;0.3;0;0;0;0;0;0;0;0;0;0;0;0;1;0;0;;https://fbref.com/it/calciatori/3239a8ed/Rafa-Marin
Răzvan Marin;Cen;Cagliari;28;13.0;4;0;0;23;11;0;64;2;12;0;0;0;61;9;15;37.5;https://fbref.com/it/calciatori/7fac99d4/Razvan-Marin
Guillermo Maripán;Dif;Torino;30;20.0;1;1;0;20;6;1;1;30;17;0;0;0;65;53;37;58.9;https://fbref.com/it/calciatori/d9764034/Guillermo-Maripan
Aarón Caricol;Dif;Genoa;27;29.2;5;0;0;32;25;3;222;16;40;0;1;0;122;19;28;40.4;https://fbref.com/it/calciatori/2f3e911a/Aaron-Caricol
Josep Martinez;Por;Inter;26;3.0;0;0;0;0;1;0;0;0;0;0;0;0;2;1;0;100.0;https://fbref.com/it/calciatori/11d8aff0/Josep-Martinez
Lautaro Martínez;Att;Inter;27;26.5;0;0;0;36;41;20;12;9;15;0;0;0;70;32;37;46.4;https://fbref.com/it/calciatori/f7036e1c/Lautaro-Martinez
Lucas Martínez Quarta;Dif;Fiorentina;28;3.9;1;0;0;8;2;0;0;3;7;0;0;0;13;12;10;54.5;https://fbref.com/it/calciatori/3ec3c1c9/Lucas-Martinez-Quarta
Kevin Martins;Cen.Dif;Monza;20;2.0;1;0;0;3;4;0;6;1;4;0;0;0;12;2;1;66.7;https://fbref.com/it/calciatori/c1451401/Kevin-Martins
Adam Marušić;Dif;Lazio;32;21.3;1;0;0;14;12;2;38;14;18;0;0;1;68;26;18;59.1;https://fbref.com/it/calciatori/d4535821/Adam-Marusic
Adam Masina;Dif;Torino;31;16.8;5;0;0;18;15;2;14;19;14;1;0;0;65;56;19;74.7;https://fbref.com/it/calciatori/de0f152c/Adam-Masina
Patrizio Masini;Cen;Genoa;24;11.2;3;0;0;25;38;0;18;11;22;0;0;0;66;21;17;55.3;https://fbref.com/it/calciatori/151354b8/Patrizio-Masini
Alan Matturro;Dif;Genoa;20;10.0;2;0;0;10;5;2;8;14;6;0;1;0;26;16;16;50.0;https://fbref.com/it/calciatori/547c0119/Alan-Matturro
Luca Mazzitelli;Cen;Como;29;3.7;1;0;0;9;4;0;12;3;6;0;0;0;14;2;6;25.0;https://fbref.com/it/calciatori/dc61b402/Luca-Mazzitelli
Pasquale Mazzocchi;Dif.Att;Napoli;29;7.7;2;0;0;7;5;1;13;5;7;0;0;0;31;4;7;36.4;https://fbref.com/it/calciatori/eb0ec070/Pasquale-Mazzocchi
Samuel Mbangula;Att;Juventus;21;7.8;1;0;0;6;14;0;17;3;10;1;0;0;33;2;7;22.2;https://fbref.com/it/calciatori/3e25e70c/Samuel-Mbangula
Weston McKennie;Cen.Dif;Juventus;26;21.0;2;0;0;25;13;1;13;12;12;0;1;0;89;24;23;51.1;https://fbref.com/it/calciatori/01c3aff5/Weston-McKennie
Scott McTominay;Cen;Napoli;28;26.6;3;0;0;37;47;5;5;21;22;1;0;0;119;49;37;57.0;https://fbref.com/it/calciatori/d93c2511/Scott-McTominay
Filippo Melegoni;Cen.Att;Genoa;26;1.0;0;0;0;0;1;0;2;0;1;0;0;0;2;1;0;100.0;https://fbref.com/it/calciatori/6604165d/Filippo-Melegoni
Alex Meret;Por;Napoli;28;27.4;0;0;0;1;3;0;0;0;0;0;1;0;47;6;0;100.0;https://fbref.com/it/calciatori/9413b19f/Alex-Meret
Junior Messias;Cen.Att;Genoa;33;6.4;1;0;0;4;10;0;15;5;5;0;0;0;23;12;19;38.7;https://fbref.com/it/calciatori/f49c4ae9/Junior-Messias
Valentin Mihaila;Att.Cen;Parma;25;14.3;2;0;0;17;20;1;33;8;15;0;1;0;39;13;27;32.5;https://fbref.com/it/calciatori/81a4c239/Valentin-Mihaila
Vanja Milinković-Savić;Por;Torino;28;31.0;2;0;0;0;8;0;0;0;0;0;0;0;48;9;2;81.8;https://fbref.com/it/calciatori/9fa26bc2/Vanja-Milinkovic-Savic
Yerry Mina;Dif;Cagliari;30;26.1;6;1;1;37;48;2;1;32;26;0;0;0;143;92;47;66.2;https://fbref.com/it/calciatori/6d5701f2/Yerry-Mina
Juan Miranda;Dif;Bologna;25;21.6;4;0;0;22;25;1;189;20;17;0;0;0;84;29;29;50.0;https://fbref.com/it/calciatori/ead61f73/Juan-Miranda
Fabio Miretti;Cen.Att;Genoa;21;18.6;2;0;0;23;53;2;61;7;15;0;0;0;85;11;23;32.4;https://fbref.com/it/calciatori/34693494/Fabio-Miretti
Henrix Mxit'aryan;Cen;Inter;36;24.7;3;0;0;28;22;5;23;17;22;0;0;0;124;22;13;62.9;https://fbref.com/it/calciatori/dd0daf32/Henrix-Mxitaryan
Rui Modesto;Dif.Cen;Udinese;25;3.6;1;0;0;6;4;1;12;7;8;0;0;0;17;7;6;53.8;https://fbref.com/it/calciatori/4f9c2d8c/Rui-Modesto
Lorenzo Montipò;Por;Hellas Verona;29;31.0;0;0;0;0;7;0;0;0;0;0;0;1;22;7;1;87.5;https://fbref.com/it/calciatori/c1d95617/Lorenzo-Montipo
Álvaro Morata;Att.Cen;Milan;32;12.2;5;0;0;25;18;11;13;5;10;0;0;0;31;14;20;41.2;https://fbref.com/it/calciatori/129af0db/Alvaro-Morata
Alberto Moreno Pérez;Dif;Como;32;16.7;4;0;0;15;13;1;45;12;11;0;0;0;62;8;19;29.6;https://fbref.com/it/calciatori/11b9265b/Alberto-Moreno-Perez
Matias Moreno;Dif;Fiorentina;21;1.6;0;0;0;4;0;0;2;1;8;0;1;0;5;3;4;42.9;https://fbref.com/it/calciatori/4637e608/Matias-Moreno
Tete Morente;Att.Cen;Lecce;28;19.6;3;0;0;22;23;0;46;12;14;0;0;0;89;33;21;61.1;https://fbref.com/it/calciatori/004d185e/Tete-Morente
Nikola Moro;Cen;Bologna;27;12.3;1;0;0;20;9;0;32;13;26;0;0;0;70;12;15;44.4;https://fbref.com/it/calciatori/ff579c7e/Nikola-Moro
Daniel Mosquera;Att;Hellas Verona;25;12.6;3;0;0;37;17;7;2;1;7;0;0;0;42;63;71;47.0;https://fbref.com/it/calciatori/091b9eb8/Daniel-Mosquera
Dany Mota;Cen.Att;Monza;26;20.1;2;0;0;22;27;7;36;9;2;0;0;0;54;49;61;44.5;https://fbref.com/it/calciatori/efc9e31f/Dany-Mota
Bob Murphy Omoregbe;Cen;Milan;21;0.0;0;0;0;1;0;0;1;0;0;0;0;0;0;0;0;;https://fbref.com/it/calciatori/b04364ed/Bob-Murphy-Omoregbe
Yunus Musah;Cen.Att;Milan;22;15.7;5;0;0;33;15;1;24;7;17;0;0;0;54;8;14;36.4;https://fbref.com/it/calciatori/b51b1b9c/Yunus-Musah
Juan Musso;Por;Atalanta;30;1.0;0;0;0;0;1;0;0;0;0;0;0;0;1;0;0;;https://fbref.com/it/calciatori/a111cf41/Juan-Musso
Kingstone Mutandwa;Cen.Att;Cagliari;22;0.9;0;0;0;4;1;0;1;0;0;0;0;0;4;1;2;33.3;https://fbref.com/it/calciatori/cbe32194/Kingstone-Mutandwa
Obite N'Dicka;Dif;Roma;25;32.0;2;0;0;32;21;1;0;31;23;0;0;0;119;54;43;55.7;https://fbref.com/it/calciatori/441197b8/Obite-NDicka
Konan N'dri;Att.Cen;Lecce;24;1.8;0;0;0;1;4;0;7;1;2;0;0;0;2;1;1;50.0;https://fbref.com/it/calciatori/17329380/Konan-Ndri
Michel Ndary Adopo;Cen;Cagliari;24;21.3;4;1;1;25;12;0;7;21;27;0;0;0;107;25;19;56.8;https://fbref.com/it/calciatori/599d91d0/Michel-Ndary-Adopo
Cher Ndour;Cen;Fiorentina;20;2.8;0;0;0;3;6;0;3;2;0;0;0;0;15;10;12;45.5;https://fbref.com/it/calciatori/3b88609d/Cher-Ndour
Dan Ndoye;Att;Bologna;24;21.0;2;0;0;19;89;9;43;8;16;1;0;0;85;12;14;46.2;https://fbref.com/it/calciatori/8e697a8f/Dan-Ndoye
Victor Nelsson;Dif;Roma;26;2.1;0;0;0;2;5;0;0;2;4;0;0;0;4;7;2;77.8;https://fbref.com/it/calciatori/e53b5534/Victor-Nelsson
David Neres;Att;Napoli;28;13.6;1;0;0;14;9;4;89;7;10;0;0;0;49;3;10;23.1;https://fbref.com/it/calciatori/4f1e6a0b/David-Neres
Cyril Ngonge;Att;Napoli;24;2.1;1;0;0;6;13;1;11;1;5;0;0;0;6;4;4;50.0;https://fbref.com/it/calciatori/2b8360f1/Cyril-Ngonge
Hans Nicolussi Caviglia;Cen;Venezia;24;25.8;7;1;1;39;27;0;59;24;21;0;0;0;119;20;21;48.8;https://fbref.com/it/calciatori/b136c945/Hans-Nicolussi-Caviglia
Oliver Nielsen;Dif;Lazio;21;0.3;0;0;0;0;0;0;0;0;0;0;0;0;1;0;1;0.0;https://fbref.com/it/calciatori/e97adead/Oliver-Nielsen
Eybi Nije;Att.Cen;Torino;19;4.4;1;0;0;12;12;2;6;0;1;0;0;0;12;12;17;41.4;https://fbref.com/it/calciatori/15918c9c/Eybi-Nije
Brooke Norton-Cuffy;Dif.Cen;Genoa;21;2.3;0;0;0;1;0;0;0;2;3;0;0;0;9;4;3;57.1;https://fbref.com/it/calciatori/54f5b2bd/Brooke-Norton-Cuffy
Tijjani Noslin;Att.Cen;Lazio;25;9.2;2;0;0;21;15;1;14;1;5;0;0;0;22;26;27;49.1;https://fbref.com/it/calciatori/2f067cf2/Tijjani-Noslin
Adam Obert;Dif;Cagliari;22;10.6;4;0;0;20;7;0;10;18;17;0;0;0;53;24;19;55.8;https://fbref.com/it/calciatori/aa25ce92/Adam-Obert
Jens Odgaard;Cen.Att;Bologna;26;19.2;1;0;0;40;36;4;24;8;14;0;0;0;62;41;55;42.7;https://fbref.com/it/calciatori/75374ee7/Jens-Odgaard
Noah Okafor;Att.Cen;Napoli;24;0.4;0;0;0;2;1;0;3;0;2;0;0;0;3;2;2;50.0;https://fbref.com/it/calciatori/ca607d59/Noah-Okafor
Noah Okafor;Att;Milan;24;4.6;0;0;0;6;5;1;13;2;1;0;0;0;8;2;5;28.6;https://fbref.com/it/calciatori/ca607d59/Noah-Okafor
Yllan Okou;Dif;Hellas Verona;22;0.0;0;0;0;0;0;0;0;0;0;0;0;0;0;0;0;;https://fbref.com/it/calciatori/fa753b79/Yllan-Okou
Maduka Okoye;Por;Udinese;25;19.0;1;0;0;0;1;0;0;0;0;0;0;1;33;5;0;100.0;https://fbref.com/it/calciatori/ab5c36dd/Maduka-Okoye
Mathías Olivera;Dif;Napoli;27;20.7;4;0;0;27;18;2;20;26;32;1;0;0;73;30;25;54.5;https://fbref.com/it/calciatori/41c12f75/Mathias-Olivera
Jean Onana;Cen;Genoa;25;2.1;0;0;0;6;1;0;1;2;6;0;0;0;7;5;7;41.7;https://fbref.com/it/calciatori/b5bb8188/Jean-Onana
Jacob Ondrejka;Att.Cen;Parma;22;1.7;0;0;0;0;4;0;7;2;2;0;0;0;8;0;4;0.0;https://fbref.com/it/calciatori/752e09ed/Jacob-Ondrejka
Gaetano Oristanio;Att.Cen;Venezia;22;23.8;3;0;0;47;67;10;54;6;11;0;0;0;78;13;37;26.0;https://fbref.com/it/calciatori/5cfc74fc/Gaetano-Oristanio
Riccardo Orsolini;Att;Bologna;28;16.6;0;0;0;24;34;10;46;7;11;0;0;0;53;20;16;55.6;https://fbref.com/it/calciatori/e14ec482/Riccardo-Orsolini
Yordan Osorio;Dif;Parma;30;1.9;0;0;0;5;2;0;0;4;3;0;0;0;6;2;1;66.7;https://fbref.com/it/calciatori/4d17df3e/Yordan-Osorio
Remi Oudin;Cen.Att;Lecce;28;3.3;1;0;0;2;1;0;23;2;1;0;0;0;18;1;1;50.0;https://fbref.com/it/calciatori/ea02beaf/Remi-Oudin
Cheick Oumar Conde;Cen;Venezia;24;0.5;2;0;0;2;1;0;0;0;4;0;0;0;5;5;0;100.0;https://fbref.com/it/calciatori/2f88752d/Cheick-Oumar-Conde
Daniel Oyegoke;Dif;Hellas Verona;22;1.1;1;0;0;2;0;0;4;1;2;0;0;0;5;0;2;0.0;https://fbref.com/it/calciatori/c9866d69/Daniel-Oyegoke
Daniele Padelli;Por;Udinese;39;1.0;0;0;0;0;0;0;0;0;0;0;0;0;0;0;0;;https://fbref.com/it/calciatori/cf1c23d8/Daniele-Padelli
Simone Pafundi;Cen.Dif;Udinese;19;0.9;0;0;0;1;4;0;12;0;3;0;0;0;2;0;2;0.0;https://fbref.com/it/calciatori/8daee720/Simone-Pafundi
Tomás Palacios;Dif;Monza;21;3.4;1;0;0;1;6;0;1;5;3;0;0;0;20;5;3;62.5;https://fbref.com/it/calciatori/404101f9/Tomas-Palacios
Tomás Palacios;Dif;Inter;21;0.1;0;0;0;0;0;0;0;1;0;0;0;0;2;0;0;;https://fbref.com/it/calciatori/404101f9/Tomas-Palacios
Alberto Andrea Paleari;Por;Torino;32;1.0;0;0;0;0;1;0;0;0;0;0;0;0;2;0;0;;https://fbref.com/it/calciatori/94a3606c/Alberto-Andrea-Paleari
Marco Palestra;Dif;Atalanta;20;1.2;0;0;0;1;6;0;9;0;4;0;0;0;2;1;1;50.0;https://fbref.com/it/calciatori/1f1828dd/Marco-Palestra
Leandro Paredes;Cen;Roma;30;13.4;4;0;0;14;14;0;53;19;14;0;1;0;71;8;2;80.0;https://fbref.com/it/calciatori/dff153a4/Leandro-Paredes
Fabiano Parisi;Dif.Cen;Fiorentina;24;9.9;1;0;0;10;24;0;13;14;12;0;0;0;47;11;13;45.8;https://fbref.com/it/calciatori/0967845b/Fabiano-Parisi
Mario Pašalić;Cen;Atalanta;30;18.7;1;0;0;17;9;1;5;12;15;0;0;0;98;27;23;54.0;https://fbref.com/it/calciatori/e599253a/Mario-Pasalic
Patricio Gabarrón;Dif;Lazio;32;6.7;2;0;0;5;5;0;2;3;6;0;0;0;29;7;6;53.8;https://fbref.com/it/calciatori/f7223718/Patricio-Gabarron
Rui Patrício;Por;Atalanta;37;2.0;0;0;0;0;0;0;0;0;0;0;0;0;5;0;0;;https://fbref.com/it/calciatori/79b0d6a0/Rui-Patricio
Benjamin Pavard;Dif;Inter;29;16.4;4;0;0;18;8;1;11;15;16;0;0;0;44;37;31;54.4;https://fbref.com/it/calciatori/45a03961/Benjamin-Pavard
Strahinja Pavlović;Dif;Milan;23;15.0;2;1;0;12;14;2;7;13;24;1;0;0;51;31;21;59.6;https://fbref.com/it/calciatori/25146df0/Strahinja-Pavlovic
Leonardo Pavoletti;Att.Cen;Cagliari;36;3.9;4;0;0;20;3;6;0;0;0;0;0;0;9;43;35;55.1;https://fbref.com/it/calciatori/d37b0350/Leonardo-Pavoletti
Martín Payero;Cen;Udinese;26;12.8;4;0;0;28;34;0;29;10;13;1;2;0;61;18;18;50.0;https://fbref.com/it/calciatori/bdbff2b5/Martin-Payero
Nicolás Paz;Cen.Att;Como;20;24.1;5;0;0;35;28;2;40;19;26;0;1;0;104;26;20;56.5;https://fbref.com/it/calciatori/01bb93d5/Nicolas-Paz
Marcus Pedersen;Dif;Torino;24;13.4;3;0;0;15;5;4;45;13;5;0;1;0;34;6;18;25.0;https://fbref.com/it/calciatori/596cc50e/Marcus-Pedersen
Pedro Rodríguez Ledesma;Att.Cen;Lazio;37;9.8;2;0;0;14;20;1;31;3;12;0;0;0;49;1;5;16.7;https://fbref.com/it/calciatori/3ca7254a/Pedro-Rodriguez-Ledesma
Pietro Pellegri;Att;Empoli;24;4.6;2;0;0;10;5;1;3;0;2;0;0;0;15;3;20;13.0;https://fbref.com/it/calciatori/a44d3a3c/Pietro-Pellegri
Lorenzo Pellegrini;Cen;Roma;28;16.8;4;0;0;25;25;4;45;5;15;0;0;0;58;10;20;33.3;https://fbref.com/it/calciatori/4a5a45c7/Lorenzo-Pellegrini
Luca Pellegrini;Dif;Lazio;26;7.9;3;0;0;15;9;0;50;15;11;1;0;0;30;5;6;45.5;https://fbref.com/it/calciatori/3b61c9ec/Luca-Pellegrini
Mateo Pellegrino;Att;Parma;24;3.3;2;0;0;10;8;0;3;0;0;0;0;0;6;15;16;48.4;https://fbref.com/it/calciatori/8c9e96c5/Mateo-Pellegrino
Andy Pelmard;Dif;Lecce;25;1.4;1;0;0;2;0;0;0;0;6;0;0;0;4;0;1;0.0;https://fbref.com/it/calciatori/f18d7ab2/Andy-Pelmard
Pedro Miguel Pereira;Dif;Monza;27;25.1;8;0;0;39;9;0;53;17;26;0;0;0;77;24;34;41.4;https://fbref.com/it/calciatori/c77be0cf/Pedro-Miguel-Pereira
Gastón Pereiro;Cen;Genoa;29;0.3;0;0;0;0;1;0;1;0;0;0;0;0;0;1;1;50.0;https://fbref.com/it/calciatori/7ec7738e/Gaston-Pereiro
Kike Pérez;Cen;Venezia;28;8.7;4;0;0;17;12;1;35;7;17;0;0;0;50;11;10;52.4;https://fbref.com/it/calciatori/237a3851/Kike-Perez
Nehuén Pérez;Dif;Udinese;24;2.0;0;0;0;3;2;0;0;1;1;0;0;0;6;3;1;75.0;https://fbref.com/it/calciatori/f7c491f1/Nehuen-Perez
Simone Perilli;Por;Hellas Verona;30;1.0;0;0;0;0;0;0;0;0;0;0;0;0;1;1;0;100.0;https://fbref.com/it/calciatori/b9e11c1d/Simone-Perilli
Mattia Perin;Por;Juventus;32;5.0;0;0;0;0;0;0;0;0;0;0;0;0;6;1;0;100.0;https://fbref.com/it/calciatori/4c62d0c8/Mattia-Perin
Máximo Perrone;Cen;Como;22;16.2;4;0;0;21;11;0;3;15;23;0;0;0;76;9;11;45.0;https://fbref.com/it/calciatori/53552942/Maximo-Perrone
Matteo Pessina;Cen;Monza;27;9.5;2;0;0;5;13;0;6;12;4;0;0;0;58;10;8;55.6;https://fbref.com/it/calciatori/780e3631/Matteo-Pessina
Andrea Petagna;Att;Monza;29;3.0;1;0;0;5;4;2;1;1;0;0;0;0;7;7;15;31.8;https://fbref.com/it/calciatori/03f946ed/Andrea-Petagna
Giuseppe Pezzella;Dif.Att;Empoli;27;27.0;6;0;0;43;30;4;149;14;28;0;1;0;77;28;17;62.2;https://fbref.com/it/calciatori/149c5f5d/Giuseppe-Pezzella
Roberto Piccoli;Att;Cagliari;24;29.7;4;0;0;50;48;20;5;2;9;2;0;0;45;92;127;42.0;https://fbref.com/it/calciatori/1cadaf34/Roberto-Piccoli
Nicholas Pierini;Cen;Venezia;26;0.9;0;0;0;1;2;0;3;0;0;0;0;0;2;1;3;25.0;https://fbref.com/it/calciatori/7cc89a5f/Nicholas-Pierini
Santiago Pierotti;Att;Lecce;24;17.8;4;0;0;46;12;11;15;12;21;0;0;0;93;44;55;44.4;https://fbref.com/it/calciatori/ec315772/Santiago-Pierotti
Balthazar Pierret;Cen;Lecce;24;15.9;2;0;0;25;18;0;8;16;27;0;1;0;79;23;25;47.9;https://fbref.com/it/calciatori/c269463b/Balthazar-Pierret
Andrea Pinamonti;Att;Genoa;25;27.8;3;0;0;17;36;16;15;1;5;0;0;0;50;75;97;43.6;https://fbref.com/it/calciatori/08aa9cd1/Andrea-Pinamonti
Niccolò Pisilli;Cen;Roma;20;12.4;6;0;0;14;12;1;10;9;9;0;0;0;52;2;12;14.3;https://fbref.com/it/calciatori/c84dcc88/Niccolo-Pisilli
Damián Pizarro;Att;Udinese;20;0.1;0;0;0;0;0;0;0;0;0;0;0;0;0;0;0;;https://fbref.com/it/calciatori/464e03ef/Damian-Pizarro
Semuel Pizzignacco;Por;Monza;23;4.3;0;0;0;0;1;0;0;0;0;0;0;0;3;1;0;100.0;https://fbref.com/it/calciatori/4f537cf7/Semuel-Pizzignacco
Tommaso Pobega;Cen;Bologna;25;11.3;6;2;1;24;10;0;5;13;18;1;0;0;40;12;15;44.4;https://fbref.com/it/calciatori/55a1cac2/Tommaso-Pobega
Joel Pohjanpalo;Att;Venezia;30;17.8;1;0;0;12;15;10;3;4;3;1;0;0;20;46;59;43.8;https://fbref.com/it/calciatori/ea003d07/Joel-Pohjanpalo
Matteo Politano;Att.Cen;Napoli;31;25.7;2;0;0;11;28;5;189;11;13;1;0;0;81;6;15;28.6;https://fbref.com/it/calciatori/5e861944/Matteo-Politano
Marin Pongračić;Dif;Fiorentina;27;10.9;3;1;1;17;5;0;1;9;11;0;0;1;53;18;8;69.2;https://fbref.com/it/calciatori/2a6cd437/Marin-Pongracic
Stefan Posch;Dif;Bologna;27;7.9;1;0;0;16;17;1;18;5;15;0;0;0;43;13;8;61.9;https://fbref.com/it/calciatori/7f609bfc/Stefan-Posch
Stefan Posch;Dif;Atalanta;27;3.8;0;0;0;10;0;0;5;4;10;0;0;0;21;4;4;50.0;https://fbref.com/it/calciatori/7f609bfc/Stefan-Posch
Matteo Prati;Cen;Cagliari;21;5.4;1;0;0;7;6;0;5;5;4;0;0;0;17;0;5;0.0;https://fbref.com/it/calciatori/d8363914/Matteo-Prati
Ivan Provedel;Por;Lazio;31;29.0;0;0;0;0;5;0;0;1;0;0;0;0;44;7;1;87.5;https://fbref.com/it/calciatori/277da414/Ivan-Provedel
Diego Pugno;Att;Juventus;18;0.1;0;0;0;0;0;0;0;0;0;0;0;0;1;0;2;0.0;https://fbref.com/it/calciatori/e4b616dc/Diego-Pugno
Christian Pulisic;Att.Cen;Milan;26;21.9;1;0;0;16;26;2;102;3;22;1;0;0;78;9;33;21.4;https://fbref.com/it/calciatori/1bf33a9a/Christian-Pulisic
Ionuț Andrei Radu;Por;Venezia;27;9.0;1;0;0;0;0;0;0;0;0;0;0;0;5;0;0;;https://fbref.com/it/calciatori/67f649be/Ionut-Andrei-Radu
Hamza Rafia;Cen;Lecce;26;11.8;4;0;0;26;25;0;45;4;27;0;0;0;62;5;13;27.8;https://fbref.com/it/calciatori/6b587d3d/Hamza-Rafia
Antonio Raimondo;Att.Dif;Venezia;21;1.0;0;0;0;2;1;1;1;0;1;0;0;0;4;1;6;14.3;https://fbref.com/it/calciatori/ce1a6c7e/Antonio-Raimondo
Ylber Ramadani;Cen;Lecce;29;17.8;4;0;0;16;10;0;4;22;26;0;0;0;110;12;22;35.3;https://fbref.com/it/calciatori/ef3c876b/Ylber-Ramadani
Luca Ranieri;Dif;Fiorentina;25;29.6;4;0;0;18;18;1;8;24;19;0;1;0;76;41;50;45.1;https://fbref.com/it/calciatori/8c63fae5/Luca-Ranieri
Giacomo Raspadori;Att.Cen;Napoli;25;8.5;1;0;0;7;13;1;51;2;5;0;0;0;32;4;8;33.3;https://fbref.com/it/calciatori/6e058f06/Giacomo-Raspadori
Federico Ravaglia;Por;Bologna;25;9.7;0;0;0;0;3;0;0;0;0;0;0;0;11;4;0;100.0;https://fbref.com/it/calciatori/6662d731/Federico-Ravaglia
Ante Rebić;Att.Cen;Lecce;31;7.2;3;1;0;16;12;5;30;1;8;0;0;0;28;20;27;42.6;https://fbref.com/it/calciatori/536cebe5/Ante-Rebic
Tijjani Reijnders;Cen;Milan;26;28.8;2;1;0;23;18;1;44;31;13;1;0;0;95;5;13;27.8;https://fbref.com/it/calciatori/afb61630/Tijjani-Reijnders
José Manuel Reina;Por;Como;42;10.0;0;0;0;0;1;0;0;0;0;0;0;0;11;1;0;100.0;https://fbref.com/it/calciatori/e358587b/Jose-Manuel-Reina
Devyne Rensch;Dif;Roma;22;3.9;0;0;0;1;6;0;9;5;10;0;0;0;10;9;6;60.0;https://fbref.com/it/calciatori/c5cbbcff/Devyne-Rensch
Mateo Retegui;Att;Atalanta;25;20.8;3;0;0;22;27;4;14;2;9;2;0;0;54;42;56;42.9;https://fbref.com/it/calciatori/e7695e6c/Mateo-Retegui
Samuele Ricci;Cen;Torino;23;28.3;8;1;0;36;65;0;28;24;18;0;0;0;123;13;15;46.4;https://fbref.com/it/calciatori/9823be92/Samuele-Ricci
Amir Richardson;Cen;Fiorentina;23;8.3;5;0;0;25;12;1;2;4;10;0;0;0;31;15;15;50.0;https://fbref.com/it/calciatori/2b7cdb79/Amir-Richardson
Sergi Roberto;Cen;Como;33;7.7;4;0;0;7;14;0;6;9;8;0;2;0;48;7;9;43.8;https://fbref.com/it/calciatori/335fa267/Sergi-Roberto
Alessio Romagnoli;Dif;Lazio;30;23.7;3;1;0;21;8;2;0;22;22;0;0;0;75;66;30;68.8;https://fbref.com/it/calciatori/3ead85f9/Alessio-Romagnoli
Marten de Roon;Cen.Dif;Atalanta;34;29.0;5;0;0;43;19;1;25;39;39;0;0;0;126;37;26;58.7;https://fbref.com/it/calciatori/2a1beb34/Marten-de-Roon
Jonas Rouhi;Dif;Juventus;21;2.3;0;0;0;4;2;0;3;3;1;0;0;0;15;0;4;0.0;https://fbref.com/it/calciatori/31908a0a/Jonas-Rouhi
Nicolò Rovella;Cen;Lazio;23;25.3;12;0;0;36;22;1;30;42;40;0;0;0;137;9;15;37.5;https://fbref.com/it/calciatori/e58cbfd5/Nicolo-Rovella
Amir Rrahmani;Dif;Napoli;31;31.8;2;0;0;35;9;0;1;22;25;0;0;1;112;101;49;67.3;https://fbref.com/it/calciatori/4b3e1a38/Amir-Rrahmani
Tommaso Rubino;Cen;Fiorentina;18;0.1;0;0;0;1;0;0;0;0;0;0;0;0;2;0;0;;https://fbref.com/it/calciatori/cf5bf6c7/Tommaso-Rubino
Matteo Ruggeri;Dif;Atalanta;22;17.0;2;0;0;11;5;2;70;15;21;0;0;0;112;21;12;63.6;https://fbref.com/it/calciatori/ae9898c5/Matteo-Ruggeri
Stefano Sabelli;Dif;Genoa;32;20.3;2;0;0;24;19;0;56;20;29;0;0;0;81;14;26;35.0;https://fbref.com/it/calciatori/0ccac09c/Stefano-Sabelli
Alexis Saelemaekers;Dif.Att;Roma;25;12.7;4;0;0;12;22;0;44;7;17;1;0;0;65;6;1;85.7;https://fbref.com/it/calciatori/ee251371/Alexis-Saelemaekers
Alexis Saelemaekers;Dif.Att;Milan;25;1.0;0;0;0;0;2;0;10;1;1;0;0;0;4;0;0;;https://fbref.com/it/calciatori/ee251371/Alexis-Saelemaekers
Richie Sagrado;Dif;Venezia;21;1.6;1;0;0;2;2;0;0;3;2;0;0;0;6;2;0;100.0;https://fbref.com/it/calciatori/3e3190f1/Richie-Sagrado
Marco Sala;Dif;Como;25;2.9;3;0;0;5;1;0;9;1;6;0;0;0;11;1;2;33.3;https://fbref.com/it/calciatori/0c57be8b/Marco-Sala
Marco Sala;Dif;Lecce;25;0.8;0;0;0;1;1;0;8;0;0;0;0;0;1;0;2;0.0;https://fbref.com/it/calciatori/0c57be8b/Marco-Sala
Anass Salah-Eddine;Dif;Roma;23;1.7;0;0;0;2;1;0;6;1;1;0;0;0;6;0;1;0.0;https://fbref.com/it/calciatori/0d274394/Anass-Salah-Eddine
Lazar Samardzic;Cen.Att;Atalanta;23;11.6;3;0;0;16;8;1;58;2;12;0;0;0;46;3;17;15.0;https://fbref.com/it/calciatori/217c93a1/Lazar-Samardzic
Junior Sambia;Dif.Att;Empoli;28;3.5;0;0;0;3;3;0;22;2;9;0;0;0;15;5;5;50.0;https://fbref.com/it/calciatori/24eb7ed6/Junior-Sambia
Antonio Sanabria;Att;Torino;29;13.9;2;0;0;16;13;1;0;1;3;1;0;0;24;22;54;28.9;https://fbref.com/it/calciatori/0a447501/Antonio-Sanabria
Alexis Sánchez;Att;Udinese;36;3.9;0;0;0;3;8;4;6;3;1;0;0;0;13;1;10;9.1;https://fbref.com/it/calciatori/2c0f8e9e/Alexis-Sanchez
Nicola Sansone;Cen.Att;Lecce;33;0.7;1;0;0;0;1;1;4;0;0;0;0;0;1;0;1;0.0;https://fbref.com/it/calciatori/7eb97a8e/Nicola-Sansone
Amin Sarr;Att;Hellas Verona;24;16.0;0;0;0;34;16;9;3;2;12;0;1;0;32;48;64;42.9;https://fbref.com/it/calciatori/d5326924/Amin-Sarr
Razvan Sava;Por;Udinese;22;12.0;1;0;0;1;1;0;0;0;0;0;1;0;13;0;1;0.0;https://fbref.com/it/calciatori/41efbd34/Razvan-Sava
Nicolò Savona;Dif;Juventus;22;15.8;3;0;0;9;9;1;33;7;13;0;0;0;61;7;14;33.3;https://fbref.com/it/calciatori/e041497d/Nicolo-Savona
Saba Sazonov;Dif;Torino;23;0.0;0;0;0;0;0;0;0;0;0;0;0;0;0;0;0;;https://fbref.com/it/calciatori/645dffbf/Saba-Sazonov
Giorgio Scalvini;Dif;Atalanta;21;3.0;2;0;0;7;1;0;0;4;4;0;0;0;13;8;6;57.1;https://fbref.com/it/calciatori/1e9aa637/Giorgio-Scalvini
Gianluca Scamacca;Att;Atalanta;26;0.1;0;0;0;0;0;0;0;0;0;0;0;0;0;0;0;;https://fbref.com/it/calciatori/8790f988/Gianluca-Scamacca
Joël Schingtienne;Dif;Venezia;22;7.7;2;0;0;5;1;0;0;9;11;0;1;0;34;3;7;30.0;https://fbref.com/it/calciatori/35a4790e/Joel-Schingtienne
Simone Scuffet;Por;Cagliari;28;13.0;0;0;0;0;1;0;0;0;0;0;0;0;17;3;1;75.0;https://fbref.com/it/calciatori/41bd99ea/Simone-Scuffet
Simone Scuffet;Por;Napoli;28;1.0;0;0;0;0;0;0;0;0;0;0;0;0;0;1;0;100.0;https://fbref.com/it/calciatori/41bd99ea/Simone-Scuffet
Jacopo Seghetti;Por;Empoli;20;1.0;0;0;0;0;0;0;0;0;0;0;0;0;0;0;0;;https://fbref.com/it/calciatori/70a10677/Jacopo-Seghetti
Stefano Sensi;Cen;Monza;29;2.3;0;0;0;3;5;0;6;3;4;0;0;0;10;2;2;50.0;https://fbref.com/it/calciatori/b70bde8f/Stefano-Sensi
Suat Serdar;Cen;Hellas Verona;28;10.8;4;1;1;23;12;0;5;6;14;0;0;0;54;11;11;50.0;https://fbref.com/it/calciatori/b3325a30/Suat-Serdar
Stephan El Shaarawy;Dif.Cen;Roma;32;11.5;2;0;0;6;11;5;26;9;12;1;0;0;45;5;12;29.4;https://fbref.com/it/calciatori/d3aaad90/Stephan-El-Shaarawy
Alen Sherri;Por;Cagliari;27;6.0;0;0;0;0;0;0;0;0;0;0;0;0;14;0;0;;https://fbref.com/it/calciatori/eebf35b6/Alen-Sherri
Eldor Shomurodov;Att.Cen;Roma;29;7.3;1;0;0;8;4;3;5;1;3;0;0;0;24;20;24;45.5;https://fbref.com/it/calciatori/57469b2d/Eldor-Shomurodov
Marco Silvestri;Por;Empoli;34;5.0;0;0;0;0;0;0;0;0;0;0;0;0;6;1;0;100.0;https://fbref.com/it/calciatori/0d422df7/Marco-Silvestri
Giovanni Simeone;Att;Napoli;29;4.1;1;0;0;5;14;1;3;1;0;0;0;0;23;6;33;15.4;https://fbref.com/it/calciatori/343c0d52/Giovanni-Simeone
Łukasz Skorupski;Por;Bologna;33;22.3;1;0;0;1;4;0;0;0;0;0;1;0;40;2;0;100.0;https://fbref.com/it/calciatori/ab4449d6/Lukasz-Skorupski
Ivan Smolčić;Dif;Como;24;6.0;1;0;0;9;5;0;4;9;9;0;1;0;22;11;9;55.0;https://fbref.com/it/calciatori/08e57960/Ivan-Smolcic
Simon Sohm;Cen;Parma;24;27.7;5;0;0;18;24;1;12;22;14;0;0;0;101;26;23;53.1;https://fbref.com/it/calciatori/a5f458d9/Simon-Sohm
Ola Solbakken;Cen.Att;Empoli;26;6.9;1;0;0;7;2;2;5;2;3;0;0;0;15;8;15;34.8;https://fbref.com/it/calciatori/78f13530/Ola-Solbakken
Oumar Solet;Dif;Udinese;25;12.6;3;1;1;10;11;0;4;12;14;0;0;0;64;13;12;52.0;https://fbref.com/it/calciatori/0670ee51/Oumar-Solet
Yann Sommer;Por;Inter;36;29.0;0;0;0;0;1;0;0;0;0;0;0;0;42;4;0;100.0;https://fbref.com/it/calciatori/420c18a1/Yann-Sommer
Borna Sosa;Dif;Torino;27;13.1;0;0;0;12;7;1;51;14;19;0;1;0;53;16;19;45.7;https://fbref.com/it/calciatori/af0d79a9/Borna-Sosa
Riccardo Sottil;Att.Cen;Fiorentina;25;9.3;1;0;0;7;33;1;41;4;4;1;0;0;44;4;9;30.8;https://fbref.com/it/calciatori/94816803/Riccardo-Sottil
Riccardo Sottil;Cen.Att;Milan;25;1.1;0;0;0;1;2;0;8;0;0;0;0;0;4;1;0;100.0;https://fbref.com/it/calciatori/94816803/Riccardo-Sottil
Matìas Soulé;Cen.Att;Roma;22;14.1;2;0;0;11;30;1;64;6;8;0;0;0;77;9;12;42.9;https://fbref.com/it/calciatori/c13ddd3e/Matias-Soule
Leonardo Spinazzola;Dif.Att;Napoli;32;11.0;1;0;0;5;6;1;39;4;8;0;0;0;41;3;3;50.0;https://fbref.com/it/calciatori/3626daea/Leonardo-Spinazzola
Marco Sportiello;Por;Milan;32;1.4;0;0;0;0;0;0;0;0;0;0;0;0;1;0;0;;https://fbref.com/it/calciatori/ac4003af/Marco-Sportiello
Filip Stankovic;Por;Venezia;23;15.2;1;0;0;0;1;0;0;0;0;0;0;0;15;5;0;100.0;https://fbref.com/it/calciatori/d34d8ed2/Filip-Stankovic
Petar Stojanović;Cen;Empoli;29;0.0;0;0;0;0;0;0;0;0;0;0;0;0;1;0;0;;https://fbref.com/it/calciatori/13b44b02/Petar-Stojanovic
Gabriel Strefezza;Att.Cen;Como;28;24.9;4;0;0;44;63;1;100;12;36;0;0;0;98;9;20;31.0;https://fbref.com/it/calciatori/ac4a4508/Gabriel-Strefezza
Ibrahim Sulemana;Cen;Atalanta;21;1.4;1;0;0;2;2;0;0;0;2;0;0;0;7;4;2;66.7;https://fbref.com/it/calciatori/230c3f3a/Ibrahim-Sulemana
Tomáš Suslov;Cen.Att;Hellas Verona;22;20.5;6;1;1;46;59;2;42;18;36;0;0;0;83;4;22;15.4;https://fbref.com/it/calciatori/83fe71b8/Tomas-Suslov
Zion Suzuki;Por;Parma;22;30.8;2;1;1;3;3;0;0;0;0;0;1;0;38;11;1;91.7;https://fbref.com/it/calciatori/51e1f4f5/Zion-Suzuki
Marin Šverko;Dif;Venezia;27;11.6;3;0;0;9;8;0;2;16;6;0;1;0;42;18;18;50.0;https://fbref.com/it/calciatori/06dba850/Marin-Sverko
Mile Svilar;Por;Roma;25;32.0;1;0;0;0;5;0;0;0;0;0;0;0;44;4;1;80.0;https://fbref.com/it/calciatori/bcf5058a/Mile-Svilar
Michael Svoboda;Dif;Venezia;26;14.6;1;0;0;7;11;0;2;22;14;0;0;0;71;35;28;55.6;https://fbref.com/it/calciatori/8abd174d/Michael-Svoboda
Adrien Tameze;Cen.Dif;Torino;31;6.7;3;0;0;7;4;0;9;10;2;0;1;0;24;9;8;52.9;https://fbref.com/it/calciatori/8da74c05/Adrien-Tameze
Mehdi Taremi;Att;Inter;32;6.3;1;0;0;7;8;4;1;0;1;0;0;0;22;14;15;48.3;https://fbref.com/it/calciatori/4c2a5d34/Mehdi-Taremi
Nuno Tavares;Dif;Lazio;25;17.2;4;1;1;17;29;1;110;19;21;0;1;0;97;9;11;45.0;https://fbref.com/it/calciatori/a65c844b/Nuno-Tavares
Loum Tchaouna;Att.Cen;Lazio;21;7.1;4;1;1;10;6;0;29;4;4;0;0;0;18;5;26;16.1;https://fbref.com/it/calciatori/a3c8b4d3/Loum-Tchaouna
Jackson Tchatchoua;Dif.Cen;Hellas Verona;23;29.2;6;1;0;24;8;6;91;12;28;0;1;0;96;27;27;50.0;https://fbref.com/it/calciatori/aeca7743/Jackson-Tchatchoua
Casper Tengstedt;Att.Cen;Hellas Verona;24;15.4;2;0;0;5;8;5;8;3;5;0;0;0;33;18;54;25.0;https://fbref.com/it/calciatori/ff2fb007/Casper-Tengstedt
Filippo Terracciano;Dif.Cen;Milan;22;5.9;3;0;0;10;9;1;3;6;5;0;0;0;21;10;5;66.7;https://fbref.com/it/calciatori/5cbb5ad6/Filippo-Terracciano
Pietro Terracciano;Por;Fiorentina;35;3.0;0;0;0;0;0;0;0;0;0;0;0;0;4;0;0;;https://fbref.com/it/calciatori/e1b0a70d/Pietro-Terracciano
Florian Thauvin;Att.Cen;Udinese;32;21.7;0;0;0;10;27;3;168;7;14;0;0;0;68;5;10;33.3;https://fbref.com/it/calciatori/2b9fdeea/Florian-Thauvin
Malick Thiaw;Dif;Milan;23;19.2;2;0;0;23;6;1;3;15;17;0;0;3;64;47;27;63.5;https://fbref.com/it/calciatori/ff5ea0bf/Malick-Thiaw
Morten Thorsby;Cen;Genoa;28;18.3;5;0;0;48;12;8;9;5;29;0;2;1;46;94;92;50.5;https://fbref.com/it/calciatori/d1b49282/Morten-Thorsby
Khéphren Thuram;Cen;Juventus;24;21.2;4;0;0;27;20;0;9;10;15;0;0;0;90;24;24;50.0;https://fbref.com/it/calciatori/7d9397f8/Khephren-Thuram
Marcus Thuram;Att;Inter;27;24.4;1;0;0;26;35;13;12;3;10;2;0;0;67;44;33;57.1;https://fbref.com/it/calciatori/6f8cd6d0/Marcus-Thuram
Cheikh Tidiane Niasse;Cen;Hellas Verona;25;6.4;3;0;0;9;10;0;1;16;10;0;0;0;24;14;16;46.7;https://fbref.com/it/calciatori/ff20acfe/Cheikh-Tidiane-Niasse
Rafael Tolói;Dif;Atalanta;34;4.3;1;0;0;5;2;0;2;7;5;0;0;0;29;9;1;90.0;https://fbref.com/it/calciatori/c56dc39e/Rafael-Toloi
Fikayo Tomori;Dif;Milan;27;12.8;3;1;1;7;6;0;3;13;17;0;0;0;49;24;19;55.8;https://fbref.com/it/calciatori/7edfbb8a/Fikayo-Tomori
Lorenzo Tosto;Dif;Empoli;19;0.0;0;0;0;0;0;0;0;0;0;0;0;0;0;0;0;;https://fbref.com/it/calciatori/a8c67cdb/Lorenzo-Tosto
Souleymane Touré;Dif;Udinese;22;8.1;2;2;0;15;6;1;6;9;6;0;0;1;23;7;5;58.3;https://fbref.com/it/calciatori/01fd01e8/Souleymane-Toure
Stefano Turati;Por;Monza;23;27.7;1;0;0;0;12;0;0;0;0;0;0;0;27;3;0;100.0;https://fbref.com/it/calciatori/bf168004/Stefano-Turati
Kacper Urbanski;Cen;Bologna;20;2.7;2;0;0;5;4;0;8;2;2;0;0;0;16;2;8;20.0;https://fbref.com/it/calciatori/2d9d9e42/Kacper-Urbanski
Kacper Urbanski;Cen;Monza;20;5.5;1;0;0;8;4;0;3;2;3;0;0;0;22;6;13;31.6;https://fbref.com/it/calciatori/2d9d9e42/Kacper-Urbanski
Lautaro Valenti;Dif;Parma;26;13.0;4;0;0;17;2;0;1;7;10;0;0;0;35;19;16;54.3;https://fbref.com/it/calciatori/55db5c36/Lautaro-Valenti
Nicolás Valentini;Dif;Hellas Verona;24;7.0;2;1;1;13;0;0;3;8;15;0;0;0;24;26;4;86.7;https://fbref.com/it/calciatori/a43e4f9c/Nicolas-Valentini
Emanuele Valeri;Dif;Parma;26;26.5;1;0;0;19;19;0;106;23;24;0;0;0;98;15;11;57.7;https://fbref.com/it/calciatori/ec52b661/Emanuele-Valeri
Álex Valle;Dif;Como;20;7.9;1;0;0;10;10;1;12;5;10;0;0;0;36;5;11;31.3;https://fbref.com/it/calciatori/97022551/Alex-Valle
Mattia Valoti;Cen;Monza;31;0.4;1;0;0;2;2;0;0;0;3;0;0;0;3;0;1;0.0;https://fbref.com/it/calciatori/c414df9d/Mattia-Valoti
Ignace Van Der Brempt;Dif;Como;23;11.8;3;0;0;18;13;0;20;12;30;0;0;0;45;13;12;52.0;https://fbref.com/it/calciatori/2bf50b37/Ignace-Van-Der-Brempt
Devis Vásquez;Por;Empoli;26;26.0;2;0;0;1;3;0;0;0;0;0;1;0;30;7;1;87.5;https://fbref.com/it/calciatori/fac1f795/Devis-Vasquez
Johan Vásquez;Dif;Genoa;26;29.4;7;0;0;26;25;1;6;41;25;1;1;0;110;80;67;54.4;https://fbref.com/it/calciatori/5eaed77a/Johan-Vasquez
Matías Vecino;Cen;Lazio;33;7.5;5;0;0;17;2;0;2;5;6;0;0;0;25;21;13;61.8;https://fbref.com/it/calciatori/44ac04e9/Matias-Vecino
Danilo Veiga;Dif;Lecce;22;1.9;0;0;0;4;3;0;9;3;4;0;0;0;7;2;4;33.3;https://fbref.com/it/calciatori/cc094532/Danilo-Veiga
Renato Veiga;Dif;Juventus;21;6.6;1;0;0;5;2;1;0;10;10;0;0;0;23;16;6;72.7;https://fbref.com/it/calciatori/fc8fcbd1/Renato-Veiga
Lorenzo Venturino;Att.Cen;Genoa;18;0.7;0;0;0;1;1;0;6;0;1;0;0;0;4;1;0;100.0;https://fbref.com/it/calciatori/a5049464/Lorenzo-Venturino
Simone Verdi;Cen.Att;Como;32;1.3;1;0;0;1;1;0;14;0;2;0;0;0;5;0;0;;https://fbref.com/it/calciatori/0375723e/Simone-Verdi
Samuele Vignato;Cen;Monza;21;4.9;0;0;0;3;3;1;13;0;3;0;0;0;11;5;13;27.8;https://fbref.com/it/calciatori/a14d0ab0/Samuele-Vignato
Nicolas Viola;Cen.Att;Cagliari;35;12.1;2;0;0;18;28;7;68;2;7;0;0;0;47;21;21;50.0;https://fbref.com/it/calciatori/45392b06/Nicolas-Viola
Mattia Viti;Dif;Empoli;23;22.6;1;0;0;20;22;0;0;42;37;0;0;0;80;41;38;51.9;https://fbref.com/it/calciatori/75438a9a/Mattia-Viti
Vitinha;Att.Cen;Genoa;25;11.2;1;0;0;13;20;6;24;11;5;0;0;0;42;25;23;52.1;https://fbref.com/it/calciatori/74d4cec6/Vitinha
Dušan Vlahović;Att;Juventus;25;18.9;3;0;0;25;17;12;9;1;1;0;0;0;32;36;41;46.8;https://fbref.com/it/calciatori/79443529/Dusan-Vlahovic
Vanja Vlahović;Att.Cen;Atalanta;21;0.7;0;0;0;0;3;0;0;0;1;1;0;0;0;0;3;0.0;https://fbref.com/it/calciatori/2af3f55c/Vanja-Vlahovic
Nikola Vlašić;Cen.Att;Torino;27;19.4;0;0;0;23;20;6;19;9;16;0;0;0;76;23;24;48.9;https://fbref.com/it/calciatori/aa8e289e/Nikola-Vlasic
Alessandro Vogliacco;Dif;Genoa;26;7.9;3;0;0;12;2;0;11;9;3;0;1;0;20;11;8;57.9;https://fbref.com/it/calciatori/6841f107/Alessandro-Vogliacco
Alessandro Vogliacco;Dif;Parma;26;8.5;2;0;0;10;5;0;2;2;1;0;0;1;24;17;13;56.7;https://fbref.com/it/calciatori/6841f107/Alessandro-Vogliacco
Mërgim Vojvoda;Dif;Torino;30;12.3;4;0;0;13;4;1;40;7;10;0;0;0;53;8;10;44.4;https://fbref.com/it/calciatori/be2706c0/Mergim-Vojvoda
Mërgim Vojvoda;Dif;Como;30;3.0;2;0;0;5;0;0;9;2;1;0;0;0;12;4;1;80.0;https://fbref.com/it/calciatori/be2706c0/Mergim-Vojvoda
Stefan de Vrij;Dif;Inter;33;16.2;1;0;0;4;3;0;0;20;10;0;0;0;58;55;34;61.8;https://fbref.com/it/calciatori/d0d8dd44/Stefan-de-Vrij
Kyle Walker;Dif;Milan;34;6.7;1;0;0;6;3;0;11;8;8;0;0;0;37;5;3;62.5;https://fbref.com/it/calciatori/86dd77d1/Kyle-Walker
Sebastian Walukiewicz;Dif;Torino;25;17.4;6;0;0;28;7;1;23;18;18;0;0;0;46;21;35;37.5;https://fbref.com/it/calciatori/217875a4/Sebastian-Walukiewicz
Sebastian Walukiewicz;Dif;Empoli;25;2.0;0;0;0;4;0;0;2;1;0;0;0;0;6;5;3;62.5;https://fbref.com/it/calciatori/217875a4/Sebastian-Walukiewicz
Timothy Weah;Att.Dif;Juventus;25;15.5;4;0;0;17;13;3;41;11;17;0;0;0;52;18;21;46.2;https://fbref.com/it/calciatori/8eec784d/Timothy-Weah
Mateusz Wieteska;Dif;Cagliari;28;2.0;1;0;0;4;0;0;0;7;0;0;1;0;11;2;7;22.2;https://fbref.com/it/calciatori/3ecc8c5f/Mateusz-Wieteska
John Yeboah;Att.Cen;Venezia;24;8.9;6;0;0;12;13;4;20;3;3;1;0;0;28;5;8;38.5;https://fbref.com/it/calciatori/8dfdc6c3/John-Yeboah
Kenan Yıldız;Att.Cen;Juventus;19;23.8;1;0;0;21;45;4;101;5;28;0;0;0;101;7;26;21.2;https://fbref.com/it/calciatori/d8cda243/Kenan-Yildiz
Mattia Zaccagni;Att;Lazio;29;25.5;9;0;0;30;85;6;133;24;24;0;0;0;75;17;16;51.5;https://fbref.com/it/calciatori/d85c238b/Mattia-Zaccagni
Nicola Zalewski;Dif.Att;Roma;23;5.9;0;0;0;2;13;1;29;4;6;0;0;0;23;5;8;38.5;https://fbref.com/it/calciatori/45191c29/Nicola-Zalewski
Nicola Zalewski;Dif;Inter;23;2.0;2;0;0;3;4;0;14;0;1;0;0;0;8;0;2;0.0;https://fbref.com/it/calciatori/45191c29/Nicola-Zalewski
André-Frank Zambo Anguissa;Cen;Napoli;29;26.6;5;0;0;31;26;2;21;30;24;1;1;0;127;55;42;56.7;https://fbref.com/it/calciatori/6bb2c084/Andre-Frank-Zambo-Anguissa
Francesco Zampano;Dif;Venezia;31;17.8;5;0;0;23;19;5;47;6;20;0;0;0;75;9;18;33.3;https://fbref.com/it/calciatori/8e45910b/Francesco-Zampano
Nicolò Zaniolo;Att;Fiorentina;25;2.9;1;0;0;9;11;3;4;0;1;0;0;0;6;2;8;20.0;https://fbref.com/it/calciatori/9907b1c8/Nicolo-Zaniolo
Nicolò Zaniolo;Att.Cen;Atalanta;25;4.0;4;0;0;9;17;0;4;1;0;0;0;0;11;4;5;44.4;https://fbref.com/it/calciatori/9907b1c8/Nicolo-Zaniolo
Alessandro Zanoli;Att.Dif;Genoa;24;18.0;3;0;0;16;17;1;62;12;18;0;0;0;57;19;17;52.8;https://fbref.com/it/calciatori/3b12b11f/Alessandro-Zanoli
Duván Zapata;Att;Torino;34;6.5;1;0;0;10;8;2;3;2;5;0;0;0;15;20;28;41.7;https://fbref.com/it/calciatori/d3de9af0/Duvan-Zapata
Gabriele Zappa;Dif;Cagliari;25;28.3;3;0;0;21;15;0;56;21;19;0;0;0;105;21;22;48.8;https://fbref.com/it/calciatori/ca3db240/Gabriele-Zappa
Davide Zappacosta;Dif;Atalanta;32;19.1;2;0;0;15;14;6;80;11;14;0;0;0;68;7;10;41.2;https://fbref.com/it/calciatori/7fe90ccd/Davide-Zappacosta
Oier Zarraga;Cen;Udinese;26;7.1;0;0;0;9;6;0;17;2;9;0;0;0;23;4;10;28.6;https://fbref.com/it/calciatori/968a1c2f/Oier-Zarraga
Jordan Zemura;Dif;Udinese;25;14.0;2;0;0;20;6;2;30;15;13;0;0;0;56;6;13;31.6;https://fbref.com/it/calciatori/e8271ad9/Jordan-Zemura
Alessio Zerbin;Dif;Venezia;26;11.0;3;0;0;21;26;2;46;12;21;0;0;0;49;3;7;30.0;https://fbref.com/it/calciatori/d19ef4ef/Alessio-Zerbin
Alessio Zerbin;Att.Dif;Napoli;26;0.0;0;0;0;0;0;0;0;0;1;0;0;0;0;0;0;;https://fbref.com/it/calciatori/d19ef4ef/Alessio-Zerbin
Kevin Zeroli;Cen;Monza;20;3.5;0;0;0;3;1;1;2;2;1;0;0;0;13;4;2;66.7;https://fbref.com/it/calciatori/7d6d4395/Kevin-Zeroli
Kevin Zeroli;Cen;Milan;20;0.1;0;0;0;0;0;0;0;0;1;0;0;0;1;0;0;;https://fbref.com/it/calciatori/7d6d4395/Kevin-Zeroli
Piotr Zieliński;Cen;Inter;30;9.3;0;0;0;7;16;0;26;6;8;0;0;0;51;7;3;70.0;https://fbref.com/it/calciatori/a5296e55/Piotr-Zielinski
Nadir Zortea;Dif.Att;Cagliari;25;25.0;2;0;0;27;18;1;103;14;12;0;1;0;72;16;24;40.0;https://fbref.com/it/calciatori/82598b71/Nadir-Zortea
Szymon Żurkowski;Cen;Empoli;27;1.2;0;0;0;2;1;0;0;1;4;0;0;0;10;0;0;;https://fbref.com/it/calciatori/4e1d5e59/Szymon-Zurkowski
Milan Đurić;Att;Monza;34;14.1;3;0;0;17;18;5;0;2;1;0;0;0;13;132;50;72.5;https://fbref.com/it/calciatori/405f6586/Milan-Djuric
Milan Đurić;Att;Parma;34;2.2;0;0;0;1;3;0;0;0;0;0;0;0;8;17;11;60.7;https://fbref.com/it/calciatori/405f6586/Milan-Djuric
